booking_id;booking_date;booking _channel;customer_id;stay_start_date;number_of_nights;per_night_rate;hotel_id
RES009721;2024/09/22;Phone;442;2024/09/24;2;34,25;103
RES009722;2024/07/17;Velora.com;386;2024/10/08;2;218,43;103
RES009723;2024/10/10;At the hotel;56;2024/10/14;2;189,15;102
RES009724;2024/09/19;Velora.com;419;2024/09/27;2;122,89;105
RES009725;2024/09/26;At the hotel;238;2024/09/27;1;122,13;108
RES009726;2024/09/21;GDS;341;2024/10/17;1;132,65;107
RES009727;2024/08/02;GDS;77;2024/09/13;2;186,74;107
RES009728;2024/09/25;Connected Wholesaler;304;2024/09/27;2;89,45;105
RES009729;2024/09/04;At the hotel;426;2024/10/06;2;196,3;108
RES009730;2024/10/10;Velora.com;66;2024/10/10;1;147,71;110
RES009731;2024/09/22;GDS;407;2024/10/14;2;132,53;102
RES009732;2024/09/10;At the hotel;110;2024/09/13;1;130,48;102
RES009733;2024/09/28;Phone;341;2024/10/03;1;140,96;104
RES009734;2024/08/09;Velora.com;162;2024/09/20;2;200,28;101
RES009735;2024/09/02;At the hotel;393;2024/09/05;1;157,57;107
RES009736;2024/09/21;App;335;2024/09/21;5;134,34;107
RES009737;2024/08/12;Velora.com;274;2024/09/23;3;145,33;104
RES009738;2024/09/26;Phone;157;2024/10/13;1;119,88;107
RES009739;2024/09/03;Phone;158;2024/09/08;2;156,75;106
RES009740;2024/10/03;At the hotel;435;2024/10/04;1;179,39;103
RES009741;2024/10/04;GDS;255;2024/10/22;1;112,04;102
RES009742;2024/09/16;Phone;47;2024/10/17;1;114,8;109
RES009743;2024/06/22;GDS;155;2024/10/16;1;134,34;109
RES009744;2024/09/22;At the hotel;106;2024/10/08;1;161;107
RES009745;2024/05/21;App;80;2024/11/03;1;136,49;107
RES009746;2024/10/08;At the hotel;223;2024/10/17;2;192,37;107
RES009747;2024/10/09;Velora.com;360;2024/10/17;2;158,79;105
RES009748;2024/09/11;Phone;482;2024/09/30;2;224,11;101
RES009749;2024/09/19;Velora.com;251;2024/10/03;2;138,25;102
RES009750;2024/09/19;Velora.com;305;2024/10/16;2;235,53;106
RES009751;2024/09/05;At the hotel;262;2024/09/06;1;175,87;104
RES009752;2024/09/10;At the hotel;215;2024/09/23;1;113,94;105
RES009753;2024/10/18;Velora.com;309;2024/10/20;2;127,84;105
RES009754;2024/09/09;Velora.com;426;2024/10/14;1;148,89;102
RES009755;2024/07/15;Phone;135;2024/11/16;2;150,6;110
RES009756;2024/09/04;At the hotel;446;2024/09/06;1;175,87;102
RES009757;2024/08/27;GDS;134;2024/09/08;2;140,14;106
RES009758;2024/06/11;GDS;441;2024/09/23;5;112,7;102
RES009759;2024/07/09;Velora.com;11;2024/09/06;3;33,71;107
RES009760;2024/08/31;Velora.com;333;2024/10/05;1;158,79;103
RES009761;2024/10/20;App;333;2024/10/29;2;249,6;109
RES009762;2024/10/17;Phone;45;2024/10/22;2;134,34;102
RES009763;2024/10/09;At the hotel;329;2024/10/11;2;150,6;105
RES009764;2024/08/06;Velora.com;71;2024/09/07;2;225,45;101
RES009765;2024/10/06;Phone;284;2024/10/28;1;143,18;110
RES009766;2024/09/05;App;118;2024/10/04;1;178,72;103
RES009767;2024/09/10;Phone;176;2024/09/15;1;184,86;108
RES009768;2024/09/27;At the hotel;179;2024/09/29;3;216,58;104
RES009769;2024/10/23;App;338;2024/10/25;2;139,39;102
RES009770;2024/09/21;Velora.com;330;2024/10/22;1;271,2;109
RES009771;2024/10/16;At the hotel;34;2024/10/20;2;132,53;104
RES009772;2024/08/21;App;418;2024/09/09;1;179,24;102
RES009773;2024/07/19;GDS;69;2024/10/10;1;219,11;107
RES009774;2024/11/01;At the hotel;162;2024/11/02;2;0;105
RES009775;2024/10/12;Velora.com;201;2024/10/16;3;218,67;109
RES009776;2024/09/26;Velora.com;43;2024/09/30;1;129,61;104
RES009777;2024/08/23;Connected Wholesaler;55;2024/09/15;2;98,02;108
RES009778;2024/08/20;GDS;327;2024/09/04;1;116,02;105
RES009779;2024/11/02;Phone;180;2024/11/04;2;145,45;102
RES009780;2024/10/11;Connected Wholesaler;442;2024/10/17;1;102,22;110
RES009781;2024/10/01;At the hotel;279;2024/10/02;1;163,51;102
RES009782;2024/10/24;Velora.com;44;2024/10/30;1;122,89;106
RES009783;2024/03/10;At the hotel;245;2024/09/07;3;128,48;109
RES009784;2024/09/02;App;403;2024/09/11;2;186,9;108
RES009785;2024/09/23;GDS;1;2024/09/25;1;156,62;108
RES009786;2024/06/10;Velora.com;484;2024/09/23;3;39,16;105
RES009787;2024/09/10;At the hotel;228;2024/09/24;2;152,72;105
RES009788;2024/09/21;GDS;347;2024/10/17;1;206,19;106
RES009789;2024/09/19;At the hotel;52;2024/09/21;1;178,07;110
RES009790;2024/10/16;GDS;25;2024/10/20;1;156,3;101
RES009791;2024/09/08;At the hotel;369;2024/09/10;1;157,57;104
RES009792;2024/09/04;GDS;279;2024/10/01;2;144,58;106
RES009793;2024/07/05;GDS;118;2024/09/10;1;178,92;109
RES009794;2024/10/07;At the hotel;398;2024/10/13;2;33,76;107
RES009795;2024/10/23;GDS;147;2024/10/24;1;112,65;107
RES009796;2024/10/13;At the hotel;442;2024/11/17;2;77,43;109
RES009797;2024/09/18;GDS;449;2024/09/25;2;113,33;102
RES009798;2024/09/09;Velora.com;497;2024/09/11;1;129,58;109
RES009799;2024/09/08;At the hotel;415;2024/09/10;2;70,54;103
RES009800;2024/09/26;Velora.com;247;2024/10/02;1;138,55;106
RES009801;2024/09/23;Velora.com;471;2024/09/28;2;103,07;106
RES009802;2024/10/09;App;302;2024/11/14;3;115,15;109
RES009803;2024/09/18;At the hotel;61;2024/09/20;1;132,64;110
RES009804;2024/09/30;GDS;38;2024/10/19;1;124,69;107
RES009805;2024/09/20;Velora.com;127;2024/09/29;3;103,56;108
RES009806;2024/10/13;GDS;428;2024/11/22;1;220,44;101
RES009807;2024/09/01;Velora.com;208;2024/10/27;2;135,78;103
RES009808;2024/08/06;GDS;8;2024/09/30;1;134,34;102
RES009809;2024/10/11;App;227;2024/10/12;2;99,56;110
RES009810;2024/09/30;GDS;59;2024/10/03;2;132,64;105
RES009811;2024/07/21;App;376;2024/09/14;4;186,73;105
RES009812;2024/10/11;At the hotel;441;2024/10/12;1;173,26;106
RES009813;2024/10/02;Velora.com;25;2024/10/30;3;203,47;103
RES009814;2024/10/03;GDS;57;2024/10/07;1;194,63;101
RES009815;2024/09/29;Velora.com;419;2024/10/17;5;153;103
RES009816;2024/10/03;Velora.com;244;2024/10/16;2;198,78;101
RES009817;2024/10/09;At the hotel;16;2024/11/19;1;0;108
RES009818;2024/10/04;Velora.com;115;2024/10/08;2;135,78;109
RES009819;2024/09/02;Velora.com;196;2024/11/02;1;137,35;102
RES009820;2024/09/05;Phone;423;2024/09/19;1;35,73;107
RES009821;2024/10/10;Phone;232;2024/10/14;1;151,8;108
RES009822;2024/10/15;Velora.com;283;2024/10/31;3;116,7;103
RES009823;2024/09/23;At the hotel;71;2024/09/29;1;0;101
RES009824;2024/09/08;At the hotel;395;2024/09/23;2;62,64;103
RES009825;2024/10/01;Velora.com;493;2024/10/14;1;249,45;103
RES009826;2024/09/06;At the hotel;109;2024/09/06;2;253,42;102
RES009827;2024/08/19;GDS;198;2024/10/11;1;141,5;102
RES009828;2024/07/29;Velora.com;493;2024/09/21;1;154,64;110
RES009829;2024/09/27;Velora.com;306;2024/09/27;2;191,44;101
RES009830;2024/08/29;Phone;444;2024/09/06;2;138,55;101
RES009831;2024/04/17;GDS;189;2024/09/26;1;195,78;108
RES009832;2024/08/09;Velora.com;102;2024/10/02;2;34,25;107
RES009833;2024/09/08;Velora.com;261;2024/09/08;2;0;105
RES009834;2024/09/07;Velora.com;219;2024/09/07;2;118,53;109
RES009835;2024/02/07;At the hotel;323;2024/10/26;2;119,69;106
RES009836;2024/06/18;Velora.com;104;2024/10/04;2;131,51;104
RES009837;2024/09/22;GDS;92;2024/09/24;1;135,76;107
RES009838;2024/10/31;Phone;305;2024/11/02;2;162,05;104
RES009839;2024/09/25;Velora.com;128;2024/10/26;1;207,88;101
RES009840;2024/09/01;At the hotel;24;2024/09/07;1;70,54;106
RES009841;2024/08/29;Velora.com;251;2024/09/15;1;168,32;108
RES009842;2024/09/23;At the hotel;120;2024/11/01;1;33,73;104
RES009843;2024/08/23;GDS;183;2024/10/17;2;122,88;103
RES009844;2024/08/23;Velora.com;328;2024/09/13;1;151,51;101
RES009845;2024/08/28;At the hotel;437;2024/09/20;2;72,29;101
RES009846;2024/10/18;Connected Wholesaler;39;2024/11/02;1;104,82;104
RES009847;2024/09/10;GDS;215;2024/10/17;2;236,36;107
RES009848;2024/09/25;At the hotel;53;2024/10/01;2;198,96;104
RES009849;2024/08/29;GDS;40;2024/09/11;1;219,83;105
RES009850;2024/10/03;Velora.com;148;2024/10/06;2;105,47;110
RES009851;2024/10/26;At the hotel;61;2024/11/03;1;96,97;108
RES009852;2024/09/07;At the hotel;143;2024/09/07;1;193,6;109
RES009853;2024/10/02;At the hotel;369;2024/10/29;1;144,7;108
RES009854;2024/09/03;At the hotel;488;2024/09/16;3;81,92;107
RES009855;2024/09/13;Velora.com;174;2024/10/02;4;34,25;102
RES009856;2024/09/18;Phone;176;2024/10/29;2;114,46;108
RES009857;2024/09/04;At the hotel;277;2024/09/05;1;179,24;101
RES009858;2024/09/18;GDS;86;2024/10/01;5;282,75;101
RES009859;2024/10/02;Velora.com;287;2024/10/29;2;191,5;107
RES009860;2024/09/09;At the hotel;320;2024/09/12;1;33,76;107
RES009861;2024/09/05;GDS;143;2024/09/12;1;116,79;101
RES009862;2024/09/12;Connected Wholesaler;225;2024/09/19;2;128,31;108
RES009863;2024/09/24;Connected Wholesaler;257;2024/09/24;2;104,82;109
RES009864;2024/09/13;GDS;224;2024/10/12;2;138,54;110
RES009865;2024/09/27;Velora.com;392;2024/09/30;1;114,76;102
RES009866;2024/09/28;GDS;299;2024/10/17;3;176,32;103
RES009867;2024/10/06;At the hotel;197;2024/10/13;1;72,28;103
RES009868;2024/09/24;GDS;483;2024/10/18;1;156,75;103
RES009869;2024/09/11;Velora.com;291;2024/10/03;1;105,42;108
RES009870;2024/09/18;At the hotel;253;2024/09/20;2;132,64;110
RES009871;2024/09/19;At the hotel;242;2024/09/26;1;151,93;105
RES009872;2024/09/21;Velora.com;278;2024/09/26;3;211,36;101
RES009873;2024/09/04;Velora.com;73;2024/09/18;2;188,91;108
RES009874;2024/03/12;Velora.com;212;2024/10/06;2;202,41;105
RES009875;2024/08/16;GDS;82;2024/10/16;2;114,55;102
RES009876;2024/09/20;At the hotel;419;2024/09/23;1;0;107
RES009878;2024/09/20;App;356;2024/09/20;2;108,43;103
RES009879;2024/08/24;Velora.com;352;2024/09/12;2;99,56;106
RES009880;2024/09/09;GDS;337;2024/09/18;1;134,4;107
RES009881;2024/08/02;GDS;28;2024/09/10;2;148,19;101
RES009882;2024/09/28;GDS;476;2024/10/16;2;204,82;105
RES009883;2024/09/27;Phone;94;2024/10/02;1;174,18;101
RES009884;2024/09/18;Velora.com;295;2024/10/06;1;113,51;110
RES009885;2024/09/12;GDS;374;2024/09/16;1;126,5;108
RES009886;2024/10/07;Velora.com;67;2024/10/07;2;200,3;105
RES009887;2024/10/17;At the hotel;218;2024/10/22;4;156,75;103
RES009888;2024/09/07;At the hotel;193;2024/09/09;1;228,61;107
RES009889;2024/08/07;GDS;357;2024/10/01;1;141,61;101
RES009890;2024/08/30;App;77;2024/09/20;1;190,83;108
RES009891;2024/02/04;Velora.com;220;2024/10/15;1;34,25;101
RES009892;2024/08/12;Velora.com;465;2024/09/23;1;198,66;107
RES009893;2024/10/21;GDS;439;2024/10/27;2;117,57;108
RES009894;2024/09/01;App;479;2024/10/04;2;219,9;105
RES009895;2024/10/06;GDS;365;2024/10/09;2;162,31;101
RES009896;2024/09/16;GDS;299;2024/09/17;4;128,74;104
RES009897;2024/11/03;At the hotel;243;2024/11/03;2;0;104
RES009899;2024/09/26;Velora.com;226;2024/10/03;1;203,8;108
RES009900;2024/08/21;Phone;237;2024/10/18;1;174,7;104
RES009901;2024/08/13;GDS;442;2024/09/29;4;179,53;103
RES009902;2024/10/24;GDS;179;2024/11/03;1;126,5;108
RES009903;2024/08/23;Phone;33;2024/09/18;3;150,73;105
RES009904;2024/09/22;Velora.com;447;2024/10/04;1;192,93;108
RES009905;2024/10/21;At the hotel;161;2024/10/25;3;149,4;101
RES009906;2024/09/13;GDS;83;2024/09/21;2;204,99;102
RES009907;2024/06/28;Velora.com;152;2024/09/13;4;33,99;109
RES009908;2024/09/16;Velora.com;496;2024/09/19;2;135,78;105
RES009909;2024/08/15;Velora.com;36;2024/09/15;2;126,16;103
RES009910;2024/09/26;At the hotel;336;2024/09/27;1;174,68;108
RES009911;2024/10/07;App;91;2024/10/13;2;195,41;105
RES009912;2024/09/07;GDS;29;2024/10/31;1;330,87;104
RES009913;2024/09/21;GDS;89;2024/10/16;3;168,81;103
RES009914;2024/09/26;GDS;423;2024/10/03;1;262,58;109
RES009915;2024/08/07;Other;227;2024/09/16;1;173,19;103
RES009916;2024/09/16;At the hotel;418;2024/09/17;2;166,4;109
RES009917;2024/09/01;Velora.com;331;2024/09/26;2;141,68;110
RES009918;2024/09/10;GDS;439;2024/09/12;1;138,03;101
RES009919;2024/09/09;At the hotel;276;2024/09/13;1;33,76;106
RES009920;2024/09/29;Velora.com;134;2024/10/03;2;272,38;109
RES009921;2024/08/25;App;141;2024/10/07;2;285,8;108
RES009922;2024/09/01;App;150;2024/10/14;1;164,74;106
RES009923;2024/10/03;Velora.com;397;2024/10/09;1;136,73;105
RES009924;2024/08/27;At the hotel;355;2024/09/06;2;165,19;109
RES009925;2024/09/06;Velora.com;260;2024/09/09;1;114,46;103
RES009926;2024/10/21;App;227;2024/11/24;2;139,63;110
RES009927;2024/09/02;GDS;337;2024/10/10;2;132,53;106
RES009928;2024/09/17;GDS;419;2024/09/24;3;132,52;105
RES009929;2024/09/11;Phone;330;2024/09/22;2;192,37;103
RES009930;2024/10/22;At the hotel;461;2024/11/22;2;77,43;107
RES009931;2024/09/10;At the hotel;60;2024/09/16;2;226,37;104
RES009932;2024/10/03;Velora.com;344;2024/11/05;2;120,18;106
RES009933;2024/08/06;Connected Wholesaler;226;2024/09/15;2;104,01;103
RES009934;2024/09/20;At the hotel;22;2024/09/22;1;0;110
RES009935;2024/09/20;App;106;2024/10/04;2;121,53;104
RES009936;2024/08/31;Velora.com;478;2024/09/03;1;132,14;107
RES009937;2024/08/13;GDS;323;2024/09/22;3;192,37;104
RES009938;2024/10/11;Velora.com;160;2024/10/15;2;181,67;106
RES009939;2024/07/01;At the hotel;56;2024/10/26;1;133,33;109
RES009940;2024/09/11;Phone;328;2024/10/14;2;200,65;109
RES009941;2024/09/27;Phone;156;2024/09/29;1;110,84;106
RES009942;2024/07/20;App;296;2024/09/17;2;296,31;101
RES009943;2024/08/06;GDS;431;2024/10/12;2;82,6;106
RES009944;2024/08/08;GDS;36;2024/09/10;4;212,03;102
RES009945;2024/09/20;GDS;454;2024/10/24;1;105,47;109
RES009946;2024/09/28;App;373;2024/09/28;2;17,12;107
RES009947;2024/10/04;At the hotel;91;2024/11/05;2;149,72;107
RES009948;2024/08/12;GDS;65;2024/10/16;3;82,6;104
RES009949;2024/09/20;Velora.com;63;2024/09/26;2;126,76;109
RES009950;2024/09/24;Connected Wholesaler;147;2024/09/30;1;99,63;108
RES009951;2024/10/25;Connected Wholesaler;163;2024/10/29;2;172,46;102
RES009952;2024/10/04;GDS;345;2024/10/16;1;53,01;101
RES009953;2024/08/13;GDS;409;2024/09/29;1;164,88;101
RES009954;2024/09/15;App;48;2024/09/21;1;128,49;104
RES009955;2024/09/20;GDS;242;2024/09/24;1;169,63;108
RES009956;2024/10/03;At the hotel;498;2024/10/03;1;90,43;108
RES009957;2024/10/01;GDS;121;2024/10/03;2;110,84;102
RES009958;2024/07/25;Velora.com;148;2024/09/05;2;143,27;104
RES009959;2024/09/25;Phone;306;2024/10/03;1;140,45;103
RES009960;2024/09/25;At the hotel;395;2024/09/29;3;34,2;105
RES009961;2024/09/19;App;427;2024/10/01;2;201,88;108
RES009962;2024/09/14;Velora.com;72;2024/09/19;1;137,35;110
RES009963;2024/06/07;At the hotel;220;2024/10/06;1;101,21;107
RES009964;2024/09/08;App;406;2024/09/12;2;128,91;104
RES009965;2024/09/14;Velora.com;208;2024/09/15;3;112,17;107
RES009966;2024/09/12;Phone;333;2024/09/20;1;106,37;104
RES009967;2024/09/21;At the hotel;464;2024/10/26;2;218,07;106
RES009968;2024/10/07;GDS;228;2024/10/28;1;233,74;101
RES009969;2024/08/29;GDS;57;2024/09/16;2;183,95;101
RES009970;2024/10/12;Velora.com;383;2024/10/27;1;112,83;108
RES009971;2024/09/07;At the hotel;238;2024/09/09;3;33,76;108
RES009972;2024/09/12;App;363;2024/09/13;2;115,3;103
RES009973;2024/10/10;At the hotel;126;2024/10/14;1;177,11;110
RES009974;2024/10/09;GDS;60;2024/10/10;2;143,49;104
RES009975;2024/10/09;Velora.com;214;2024/10/17;1;206,19;102
RES009976;2024/09/26;At the hotel;13;2024/11/03;3;151,8;105
RES009977;2024/09/15;GDS;71;2024/10/01;1;122,13;110
RES009978;2024/10/08;Velora.com;371;2024/10/15;2;135,78;106
RES009979;2024/08/25;Velora.com;283;2024/09/12;2;229,93;105
RES009980;2024/08/20;Phone;473;2024/09/06;5;165,19;103
RES009981;2024/09/05;Phone;139;2024/09/18;2;201,37;103
RES009982;2024/11/01;At the hotel;376;2024/11/01;1;115,15;105
RES009983;2024/10/08;Velora.com;326;2024/10/15;1;132,64;104
RES009984;2024/09/04;GDS;445;2024/09/24;1;195,26;108
RES009985;2024/03/24;At the hotel;415;2024/09/21;2;112,04;106
RES009986;2024/09/29;GDS;177;2024/09/30;5;128;109
RES009987;2024/08/04;GDS;356;2024/10/01;1;82,6;109
RES009988;2024/10/07;Velora.com;351;2024/10/09;2;123,97;101
RES009989;2024/10/18;At the hotel;368;2024/10/19;1;77,37;110
RES009990;2024/10/01;App;172;2024/10/18;2;163,07;106
RES009991;2024/10/03;GDS;282;2024/10/06;1;112,05;105
RES009992;2024/09/24;Phone;148;2024/10/01;1;163,51;109
RES009993;2024/09/15;App;19;2024/10/18;2;192,77;107
RES009994;2024/10/03;At the hotel;123;2024/10/08;2;174,24;110
RES009995;2024/09/07;At the hotel;182;2024/09/07;1;66,26;104
RES009996;2024/02/29;Velora.com;288;2024/09/26;4;33,71;106
RES009997;2024/09/21;At the hotel;21;2024/10/01;2;70,48;106
RES009998;2024/09/20;App;143;2024/09/20;2;156,75;102
RES009999;2024/09/18;App;4;2024/09/21;2;164,91;105
RES010000;2024/09/13;Velora.com;325;2024/09/21;2;95,29;110
RES010001;2024/08/16;App;381;2024/09/04;2;210,32;108
RES010002;2024/09/26;GDS;140;2024/10/14;1;163,85;106
RES010003;2024/08/08;App;487;2024/10/21;1;228,91;105
RES010004;2024/10/15;GDS;291;2024/11/21;4;114,53;102
RES010005;2024/10/04;Phone;142;2024/10/09;2;287,01;106
RES010006;2024/09/24;Velora.com;459;2024/10/31;2;171,07;105
RES010007;2024/10/14;Phone;224;2024/10/22;3;156,33;105
RES010008;2024/10/04;App;26;2024/11/05;2;132,52;101
RES010009;2024/09/17;Connected Wholesaler;85;2024/09/28;1;100,38;107
RES010010;2024/05/10;At the hotel;184;2024/10/25;2;102,41;103
RES010011;2024/09/21;App;424;2024/09/29;1;121,67;103
RES010012;2024/09/02;GDS;234;2024/09/05;1;138,55;103
RES010013;2024/10/09;At the hotel;136;2024/10/10;4;174,7;108
RES010014;2024/08/11;Velora.com;342;2024/09/29;1;341,81;102
RES010015;2024/06/19;Velora.com;109;2024/09/11;1;112,14;108
RES010016;2024/10/09;GDS;411;2024/10/22;2;132,53;106
RES010017;2024/09/16;Connected Wholesaler;20;2024/10/20;2;154,92;109
RES010018;2024/09/19;GDS;189;2024/09/20;2;144,7;107
RES010019;2024/10/12;Phone;295;2024/10/22;2;177,25;108
RES010020;2024/10/25;App;277;2024/10/26;1;126,5;110
RES010021;2024/08/14;Phone;366;2024/09/12;1;174,7;107
RES010022;2024/09/04;Velora.com;283;2024/10/02;2;150,29;103
RES010023;2024/09/05;GDS;322;2024/10/03;1;163,61;101
RES010024;2024/09/12;Velora.com;43;2024/10/04;2;90,51;108
RES010025;2024/10/02;Phone;263;2024/10/11;2;122,07;102
RES010026;2024/03/23;At the hotel;154;2024/10/05;2;86,54;104
RES010027;2024/10/19;GDS;418;2024/10/23;3;162,67;106
RES010028;2024/10/16;At the hotel;256;2024/10/20;1;186,74;105
RES010029;2024/09/10;GDS;409;2024/10/27;1;312,91;110
RES010030;2024/10/03;App;254;2024/10/19;1;131,32;109
RES010031;2024/08/30;GDS;164;2024/09/09;1;129,58;108
RES010032;2024/10/02;At the hotel;262;2024/10/03;1;204,82;104
RES010033;2024/10/03;Velora.com;353;2024/10/09;1;147,58;110
RES010034;2024/10/18;Velora.com;436;2024/11/22;2;268,29;102
RES010035;2024/09/12;At the hotel;206;2024/09/12;1;150,6;102
RES010036;2024/09/21;At the hotel;411;2024/09/25;1;70,48;105
RES010037;2024/09/03;Velora.com;96;2024/10/20;2;153,74;107
RES010038;2024/08/21;At the hotel;363;2024/09/10;2;182,89;102
RES010039;2024/10/02;App;491;2024/11/02;2;144,25;110
RES010040;2024/09/04;At the hotel;152;2024/09/06;1;70,91;107
RES010041;2024/10/09;GDS;379;2024/10/11;1;180,87;108
RES010042;2024/09/28;GDS;454;2024/09/29;2;108,43;110
RES010043;2024/09/22;Velora.com;124;2024/09/28;3;148,48;103
RES010044;2024/07/17;Phone;494;2024/10/04;1;241,77;108
RES010045;2024/09/15;Connected Wholesaler;445;2024/10/20;2;174,04;107
RES010046;2024/08/23;GDS;250;2024/09/08;1;185,43;101
RES010047;2024/09/13;App;305;2024/09/13;2;137,46;108
RES010048;2024/09/20;At the hotel;266;2024/09/20;4;180,35;104
RES010049;2024/08/29;At the hotel;84;2024/10/03;3;218,07;108
RES010050;2024/08/23;Phone;244;2024/09/30;1;151,8;101
RES010051;2024/09/29;GDS;254;2024/10/24;1;161,74;107
RES010052;2024/09/06;At the hotel;184;2024/09/13;2;184,24;103
RES010053;2024/09/02;App;335;2024/09/23;2;182,72;103
RES010054;2024/09/04;At the hotel;342;2024/09/06;3;149,4;103
RES010055;2024/04/18;At the hotel;147;2024/09/17;2;98,79;102
RES010056;2024/08/04;App;42;2024/09/13;1;108,84;110
RES010057;2024/09/09;App;375;2024/09/11;3;212,12;102
RES010058;2024/10/03;App;157;2024/10/03;1;195,05;103
RES010059;2024/08/30;Phone;348;2024/09/25;1;150,6;108
RES010060;2024/09/09;GDS;291;2024/10/21;1;133,33;104
RES010061;2024/10/31;App;120;2024/10/31;2;136,49;109
RES010062;2024/08/09;Velora.com;115;2024/09/07;1;191,44;102
RES010063;2024/10/01;Velora.com;163;2024/10/03;2;135,78;105
RES010064;2024/09/23;Velora.com;275;2024/09/23;3;141,68;103
RES010065;2024/09/24;Velora.com;457;2024/11/02;2;117,77;101
RES010066;2024/09/08;Velora.com;155;2024/09/16;3;112,05;101
RES010067;2024/09/24;Phone;435;2024/09/26;3;132,53;110
RES010068;2024/08/21;GDS;403;2024/11/03;2;133,33;108
RES010069;2024/08/14;Phone;276;2024/09/09;2;146,08;107
RES010070;2024/09/04;Velora.com;397;2024/10/25;1;182,99;104
RES010071;2024/10/25;At the hotel;53;2024/10/26;1;129,02;108
RES010072;2024/09/12;Phone;400;2024/09/21;2;203,29;109
RES010073;2024/09/19;At the hotel;496;2024/09/20;2;138,55;102
RES010074;2024/09/20;Velora.com;180;2024/09/22;1;135,89;104
RES010075;2024/07/15;Velora.com;232;2024/10/10;1;247,95;108
RES010076;2024/09/10;GDS;235;2024/09/25;2;228,61;102
RES010077;2024/10/29;App;394;2024/12/01;3;152,66;101
RES010078;2024/10/23;At the hotel;69;2024/11/23;2;109,64;102
RES010079;2024/09/19;At the hotel;74;2024/09/20;5;192,77;106
RES010080;2024/08/20;App;275;2024/09/10;1;231,2;109
RES010081;2024/09/17;GDS;208;2024/09/20;2;145,33;106
RES010082;2024/10/24;Connected Wholesaler;103;2024/10/26;2;126,34;105
RES010083;2024/08/20;App;73;2024/09/25;2;227,11;109
RES010084;2024/09/17;GDS;85;2024/10/31;1;134,34;110
RES010085;2024/09/27;Velora.com;174;2024/10/18;1;126,34;109
RES010086;2024/09/03;GDS;494;2024/09/21;2;100,36;103
RES010087;2024/09/03;App;203;2024/09/03;2;113,55;107
RES010088;2024/09/20;Velora.com;265;2024/09/24;3;194,41;104
RES010089;2024/10/03;Phone;322;2024/10/08;1;4,89;105
RES010090;2024/09/12;Phone;312;2024/09/15;1;126,62;102
RES010091;2024/08/07;GDS;361;2024/10/17;2;258,73;104
RES010092;2024/07/26;Velora.com;71;2024/09/26;1;194,82;102
RES010093;2024/09/29;GDS;129;2024/10/03;1;136,96;106
RES010094;2024/09/12;App;225;2024/10/13;1;112,08;108
RES010095;2024/10/16;At the hotel;497;2024/10/16;3;0;102
RES010096;2024/10/30;At the hotel;58;2024/11/01;2;162,65;104
RES010097;2024/08/25;Velora.com;99;2024/10/05;1;142,01;106
RES010098;2024/08/22;Velora.com;399;2024/10/01;1;241,54;102
RES010099;2024/09/15;App;485;2024/09/16;1;141,61;101
RES010100;2024/09/20;At the hotel;129;2024/09/20;1;159,17;109
RES010101;2024/09/06;Phone;454;2024/10/30;1;208,8;108
RES010102;2024/06/22;Velora.com;440;2024/10/01;2;146,68;106
RES010103;2024/10/05;At the hotel;34;2024/10/06;2;84,41;105
RES010104;2024/10/24;App;16;2024/10/27;2;98,61;104
RES010105;2024/09/18;Velora.com;416;2024/10/11;2;189,01;106
RES010106;2024/09/08;Velora.com;294;2024/09/15;3;119,69;110
RES010107;2024/07/28;GDS;298;2024/10/04;1;146,38;108
RES010108;2024/09/27;App;390;2024/09/27;3;138,55;108
RES010109;2024/08/30;GDS;480;2024/10/12;1;114,11;105
RES010110;2024/09/20;Velora.com;208;2024/09/26;1;251,18;108
RES010111;2024/10/06;At the hotel;283;2024/10/28;1;62,64;104
RES010112;2024/10/28;GDS;165;2024/11/01;2;175,75;110
RES010113;2024/09/17;Velora.com;255;2024/09/20;2;170,98;108
RES010114;2024/11/01;App;47;2024/11/01;2;115,93;104
RES010115;2024/10/26;Velora.com;307;2024/10/27;2;129,99;104
RES010116;2024/10/30;Velora.com;449;2024/10/30;2;322,01;104
RES010117;2024/09/22;At the hotel;121;2024/09/25;3;145,48;108
RES010118;2024/09/27;Velora.com;168;2024/09/28;1;195,41;103
RES010119;2024/09/07;GDS;392;2024/09/18;2;162,63;110
RES010120;2024/09/28;Velora.com;8;2024/10/01;2;198,78;107
RES010121;2024/10/19;App;48;2024/10/30;1;216,58;109
RES010122;2024/10/03;GDS;439;2024/10/30;1;166,1;106
RES010123;2024/09/14;Velora.com;1;2024/11/26;2;131,62;104
RES010124;2024/06/26;Velora.com;289;2024/10/24;2;170;108
RES010125;2024/09/27;Velora.com;120;2024/09/27;1;150,29;109
RES010126;2024/08/19;Velora.com;446;2024/10/02;2;207,88;106
RES010127;2024/08/13;Velora.com;304;2024/09/04;1;144,28;102
RES010128;2024/10/21;At the hotel;259;2024/10/29;1;33,73;107
RES010129;2024/10/14;At the hotel;317;2024/10/16;2;132,64;101
RES010130;2024/08/28;Connected Wholesaler;47;2024/09/27;1;168,19;109
RES010131;2024/09/29;App;223;2024/09/29;1;90,36;106
RES010132;2024/10/11;At the hotel;407;2024/11/13;1;70,48;104
RES010133;2024/09/20;GDS;111;2024/10/08;1;130,5;104
RES010134;2024/08/31;Velora.com;417;2024/10/09;3;212,24;110
RES010135;2024/09/02;App;360;2024/09/08;2;177,09;103
RES010136;2024/09/10;At the hotel;56;2024/10/11;2;119,36;104
RES010137;2024/09/21;At the hotel;147;2024/09/21;1;132,53;107
RES010138;2024/10/01;Velora.com;399;2024/10/20;1;116,37;107
RES010139;2024/09/11;Velora.com;38;2024/09/24;2;147,59;106
RES010140;2024/09/07;At the hotel;305;2024/09/11;3;70,48;103
RES010141;2024/09/26;App;42;2024/10/15;2;191,06;106
RES010142;2024/09/19;App;66;2024/10/23;1;136,67;101
RES010143;2024/10/10;Phone;438;2024/10/15;2;191,5;106
RES010144;2024/08/13;App;93;2024/09/10;1;177,09;101
RES010145;2024/10/13;App;438;2024/10/19;1;154,27;107
RES010146;2024/09/14;Velora.com;376;2024/09/19;1;227,41;102
RES010147;2024/09/02;Velora.com;328;2024/11/01;1;33,61;105
RES010148;2024/10/04;Velora.com;163;2024/10/07;1;87,66;106
RES010149;2024/09/20;Velora.com;156;2024/10/05;3;162,48;102
RES010150;2024/03/27;App;102;2024/09/30;2;333,64;107
RES010151;2024/08/23;Velora.com;61;2024/09/03;3;35,49;103
RES010152;2024/10/04;Phone;233;2024/10/11;3;146,92;107
RES010153;2024/09/28;Velora.com;106;2024/10/18;1;204,99;108
RES010154;2024/08/30;App;398;2024/09/15;3;127,27;102
RES010155;2024/09/16;At the hotel;402;2024/10/02;2;151,8;102
RES010156;2024/10/24;At the hotel;341;2024/10/25;4;180,48;102
RES010157;2024/09/17;At the hotel;130;2024/09/22;2;126,72;106
RES010158;2024/07/17;App;301;2024/09/21;1;154,52;110
RES010159;2024/10/12;Velora.com;90;2024/10/21;1;204,89;109
RES010160;2024/10/11;GDS;265;2024/11/03;1;150,6;106
RES010161;2024/09/02;At the hotel;8;2024/09/07;1;144,28;108
RES010162;2024/09/11;Velora.com;78;2024/10/03;2;156,3;106
RES010163;2024/09/13;Velora.com;167;2024/09/15;2;196;108
RES010164;2024/09/08;Velora.com;438;2024/10/11;2;131,61;105
RES010165;2024/08/29;App;106;2024/09/04;1;124,21;101
RES010166;2024/10/17;At the hotel;75;2024/10/18;2;218,18;103
RES010167;2024/09/04;At the hotel;96;2024/09/07;3;149,4;102
RES010168;2024/09/16;Velora.com;389;2024/09/17;1;207,88;108
RES010169;2024/10/18;At the hotel;68;2024/10/19;3;145,48;106
RES010170;2024/09/26;Phone;340;2024/10/01;1;158,77;104
RES010171;2024/09/13;App;12;2024/09/15;2;170,98;101
RES010172;2024/09/02;At the hotel;136;2024/09/07;1;33,94;109
RES010173;2024/10/14;At the hotel;171;2024/11/16;1;132,64;108
RES010174;2024/10/12;Velora.com;308;2024/10/17;1;268,83;101
RES010175;2024/10/25;GDS;57;2024/10/31;1;186,9;102
RES010176;2024/09/09;At the hotel;322;2024/09/14;2;33,73;105
RES010177;2024/10/16;Velora.com;3;2024/10/23;2;183,16;107
RES010178;2024/07/18;App;470;2024/09/22;2;154,52;102
RES010179;2024/08/08;App;476;2024/10/30;2;230,11;103
RES010180;2024/10/07;Velora.com;128;2024/10/07;1;182,63;108
RES010181;2024/09/05;Velora.com;368;2024/09/05;2;132,14;108
RES010182;2024/10/20;At the hotel;448;2024/10/20;1;122,89;104
RES010183;2024/07/27;GDS;238;2024/09/11;4;138,25;108
RES010184;2024/10/09;Velora.com;409;2024/10/10;1;0;107
RES010185;2024/09/24;Velora.com;279;2024/09/29;1;124,73;110
RES010186;2024/08/15;Phone;261;2024/09/29;3;278,6;104
RES010187;2024/09/01;At the hotel;144;2024/09/06;1;33,76;108
RES010188;2024/09/04;At the hotel;206;2024/09/06;1;33,73;109
RES010189;2024/09/04;GDS;49;2024/09/26;3;145,59;108
RES010190;2024/09/26;At the hotel;307;2024/11/01;1;33,76;105
RES010191;2024/10/28;At the hotel;460;2024/10/31;1;126,61;106
RES010192;2024/10/08;Velora.com;72;2024/10/10;2;107,53;109
RES010193;2024/09/14;GDS;472;2024/10/06;2;128,47;108
RES010194;2024/08/28;Phone;232;2024/09/23;3;162,65;102
RES010195;2024/08/14;Velora.com;105;2024/09/06;2;165,62;102
RES010196;2024/09/26;App;343;2024/09/26;1;341,45;104
RES010197;2024/10/11;Velora.com;328;2024/11/16;2;210,62;109
RES010198;2024/10/18;GDS;19;2024/10/24;2;158,77;104
RES010199;2024/09/03;Velora.com;326;2024/09/16;1;192,75;109
RES010200;2024/09/26;App;107;2024/10/14;4;165,6;102
RES010201;2024/08/06;At the hotel;427;2024/10/19;2;86,01;106
RES010202;2024/10/04;At the hotel;409;2024/10/07;2;70,91;107
RES010203;2024/10/17;At the hotel;315;2024/11/17;2;132,53;105
RES010204;2024/11/02;GDS;182;2024/11/04;2;124,48;103
RES010205;2024/10/09;GDS;452;2024/10/15;1;302,92;102
RES010206;2024/02/05;At the hotel;133;2024/09/05;4;101,98;102
RES010207;2024/10/09;At the hotel;217;2024/10/12;2;106,66;106
RES010208;2024/09/03;GDS;332;2024/09/05;3;181,82;107
RES010210;2024/09/29;Velora.com;349;2024/10/20;2;134,95;108
RES010211;2024/09/29;Velora.com;207;2024/10/11;1;144,24;107
RES010212;2024/10/17;Velora.com;138;2024/10/29;2;209,77;101
RES010213;2024/09/28;GDS;316;2024/10/05;2;128,01;102
RES010214;2024/09/13;Velora.com;89;2024/09/30;2;143,03;102
RES010215;2024/09/26;Velora.com;48;2024/10/27;1;114,46;105
RES010216;2024/10/14;Velora.com;78;2024/10/15;3;236,19;108
RES010217;2024/08/23;Connected Wholesaler;161;2024/09/12;2;135,57;109
RES010218;2024/10/19;Phone;269;2024/10/29;2;142,77;110
RES010219;2024/10/02;Phone;77;2024/10/22;1;232,05;101
RES010220;2024/09/27;At the hotel;321;2024/11/02;1;33,73;106
RES010221;2024/08/06;Phone;72;2024/09/28;4;235,76;101
RES010222;2024/09/01;App;132;2024/10/06;1;207,88;106
RES010223;2024/09/22;At the hotel;129;2024/09/24;2;0;107
RES010224;2024/10/08;Velora.com;11;2024/10/22;2;149,79;107
RES010226;2024/08/28;Phone;408;2024/09/08;1;126,5;106
RES010227;2024/09/26;Velora.com;226;2024/10/04;2;162,43;108
RES010228;2024/06/20;Connected Wholesaler;111;2024/09/05;1;163,44;109
RES010229;2024/09/12;GDS;215;2024/09/16;3;112,65;103
RES010230;2024/09/20;Velora.com;214;2024/10/19;1;171,68;105
RES010231;2024/09/27;App;300;2024/10/22;1;157,57;105
RES010232;2024/05/25;At the hotel;409;2024/09/23;1;139,76;105
RES010233;2024/08/05;GDS;176;2024/09/12;2;213,81;106
RES010234;2024/10/04;Phone;314;2024/10/10;1;155,55;104
RES010235;2024/09/02;GDS;49;2024/10/03;2;82,6;110
RES010236;2024/09/25;At the hotel;380;2024/10/11;1;198,53;109
RES010237;2024/09/21;Velora.com;448;2024/10/02;1;288,14;103
RES010238;2024/08/29;Velora.com;500;2024/09/05;4;129,88;105
RES010239;2024/09/23;GDS;305;2024/10/28;2;145,77;106
RES010240;2024/10/22;At the hotel;313;2024/10/23;2;78,59;101
RES010241;2024/09/01;Phone;148;2024/09/25;1;182,46;103
RES010242;2024/09/24;At the hotel;102;2024/10/07;2;0;109
RES010243;2024/09/07;Velora.com;76;2024/09/14;2;112,74;106
RES010244;2024/08/26;At the hotel;366;2024/09/30;2;218,07;102
RES010245;2024/09/19;At the hotel;390;2024/09/20;2;222,59;104
RES010246;2024/10/24;At the hotel;157;2024/10/27;1;163,63;106
RES010247;2024/09/10;GDS;265;2024/10/10;1;184,38;109
RES010248;2024/09/06;Velora.com;175;2024/10/19;1;112,05;104
RES010249;2024/08/30;GDS;87;2024/09/10;1;132,52;101
RES010250;2024/08/31;GDS;245;2024/09/25;2;105,42;108
RES010251;2024/08/04;GDS;459;2024/10/07;1;145,77;110
RES010252;2024/10/01;Velora.com;91;2024/10/05;1;110,78;106
RES010253;2024/09/18;Phone;108;2024/09/26;2;144,56;106
RES010254;2024/09/23;At the hotel;27;2024/09/24;2;142,6;102
RES010255;2024/08/05;At the hotel;491;2024/09/26;2;158,77;103
RES010256;2024/10/08;GDS;326;2024/10/09;1;112,65;110
RES010257;2024/09/08;GDS;32;2024/09/29;2;96,46;101
RES010258;2024/09/18;At the hotel;66;2024/09/19;1;180,35;109
RES010259;2024/10/07;App;494;2024/10/10;1;108,84;107
RES010260;2024/10/03;GDS;331;2024/10/09;1;112,65;101
RES010261;2024/10/12;At the hotel;83;2024/10/15;2;207,62;108
RES010262;2024/10/28;Velora.com;180;2024/10/30;2;105,42;102
RES010263;2024/10/17;At the hotel;341;2024/10/18;3;70,48;106
RES010264;2024/09/21;GDS;95;2024/10/08;2;192,51;110
RES010265;2024/09/05;Velora.com;317;2024/09/12;3;118,07;109
RES010266;2024/07/19;GDS;39;2024/09/17;1;249,37;103
RES010267;2024/09/15;Phone;369;2024/10/01;2;274,79;107
RES010268;2024/09/26;At the hotel;407;2024/10/01;2;190,11;110
RES010269;2024/10/03;Velora.com;100;2024/10/05;2;192,72;109
RES010270;2024/09/29;At the hotel;105;2024/10/03;2;62,7;101
RES010271;2024/09/20;Phone;470;2024/10/11;1;4,89;109
RES010272;2024/09/19;Velora.com;319;2024/10/01;2;198,41;110
RES010273;2024/04/28;Velora.com;215;2024/09/28;2;120,58;107
RES010274;2024/09/13;At the hotel;349;2024/09/14;1;0;109
RES010275;2024/09/14;GDS;280;2024/10/07;3;206,02;108
RES010276;2024/09/24;Velora.com;56;2024/09/26;2;143,36;104
RES010277;2024/10/03;At the hotel;374;2024/11/03;2;70,48;110
RES010278;2024/09/23;At the hotel;378;2024/10/25;2;190,36;107
RES010279;2024/03/14;Velora.com;237;2024/09/18;2;153,88;106
RES010280;2024/08/05;At the hotel;327;2024/10/19;1;188,61;103
RES010281;2024/10/03;At the hotel;436;2024/10/04;1;186,73;103
RES010282;2024/10/25;Velora.com;70;2024/10/25;2;33,61;101
RES010283;2024/09/03;Velora.com;16;2024/09/09;3;33,78;110
RES010284;2024/10/05;App;399;2024/11/05;2;132,53;107
RES010285;2024/09/19;Phone;448;2024/10/13;3;196,79;109
RES010286;2024/09/29;GDS;86;2024/11/01;2;168,81;108
RES010287;2024/10/15;Velora.com;368;2024/10/15;3;181,29;102
RES010288;2024/08/22;GDS;63;2024/09/12;2;132,53;102
RES010289;2024/06/16;Phone;273;2024/09/04;1;181,79;103
RES010290;2024/09/20;At the hotel;188;2024/10/21;2;163,37;110
RES010291;2024/09/08;At the hotel;7;2024/09/09;2;0;110
RES010292;2024/02/03;App;103;2024/09/04;1;123,92;103
RES010293;2024/08/18;Velora.com;496;2024/10/15;2;166,3;107
RES010294;2024/10/05;Connected Wholesaler;214;2024/10/13;2;93,82;108
RES010295;2024/09/29;GDS;216;2024/10/24;3;134,34;107
RES010296;2024/10/17;Velora.com;378;2024/10/26;2;122,47;109
RES010297;2024/10/24;Phone;424;2024/10/26;2;162,31;103
RES010298;2024/10/04;At the hotel;385;2024/10/04;1;70,91;105
RES010299;2024/10/09;GDS;96;2024/10/10;1;133,33;102
RES010300;2024/10/12;At the hotel;183;2024/10/15;3;132,53;109
RES010301;2024/08/30;Velora.com;492;2024/09/16;3;81,26;105
RES010302;2024/09/30;Phone;200;2024/10/10;1;187,95;110
RES010303;2024/09/06;At the hotel;397;2024/09/07;3;70,91;107
RES010304;2024/10/19;Velora.com;476;2024/11/30;1;170,57;106
RES010305;2024/07/10;At the hotel;102;2024/09/20;5;156,62;104
RES010306;2024/07/03;Phone;451;2024/09/07;1;160,24;107
RES010307;2024/07/31;Velora.com;250;2024/09/23;2;33,74;105
RES010308;2024/09/20;Phone;322;2024/11/03;1;33,78;103
RES010309;2024/09/11;Connected Wholesaler;256;2024/09/21;3;170,54;105
RES010310;2024/10/19;Velora.com;181;2024/10/20;3;123,96;101
RES010311;2024/10/11;Phone;185;2024/10/15;3;138,55;104
RES010312;2024/08/02;GDS;346;2024/10/28;2;223,19;101
RES010313;2024/09/14;App;348;2024/10/19;2;194,38;107
RES010314;2024/10/02;App;414;2024/10/04;1;167,1;109
RES010315;2024/09/29;Velora.com;39;2024/10/30;2;33,99;109
RES010316;2024/07/31;GDS;470;2024/09/24;2;141,61;102
RES010317;2024/10/26;Velora.com;437;2024/10/30;2;33,78;103
RES010318;2024/09/20;Phone;400;2024/09/23;1;229,81;109
RES010319;2024/09/02;GDS;15;2024/09/29;2;152,66;106
RES010320;2024/10/23;Velora.com;170;2024/10/23;2;224,33;108
RES010321;2024/10/19;Connected Wholesaler;111;2024/10/19;1;159,19;107
RES010322;2024/09/11;GDS;404;2024/09/17;1;153,61;105
RES010323;2024/08/21;GDS;369;2024/09/16;1;150,59;106
RES010324;2024/09/28;At the hotel;229;2024/11/03;1;33,94;104
RES010325;2024/04/19;Phone;247;2024/09/12;1;141,61;105
RES010326;2024/10/03;At the hotel;111;2024/11/04;5;193,94;108
RES010327;2024/09/21;Velora.com;492;2024/10/20;2;129,88;110
RES010328;2024/10/02;Velora.com;48;2024/10/08;1;114,7;107
RES010329;2024/08/16;At the hotel;181;2024/10/16;2;198,53;109
RES010330;2024/09/26;GDS;499;2024/09/26;2;117,13;109
RES010331;2024/10/17;At the hotel;346;2024/10/21;2;0;110
RES010332;2024/09/30;Connected Wholesaler;142;2024/10/02;1;102,46;101
RES010333;2024/10/17;At the hotel;193;2024/10/17;2;132,53;104
RES010334;2024/09/25;Velora.com;315;2024/09/27;1;131,62;108
RES010335;2024/08/10;GDS;6;2024/10/07;1;180,72;110
RES010336;2024/09/15;App;306;2024/09/26;1;149,4;103
RES010337;2024/09/13;Connected Wholesaler;423;2024/09/14;1;132,94;106
RES010338;2024/08/07;GDS;83;2024/09/30;4;384,05;108
RES010339;2024/08/22;Velora.com;160;2024/09/13;1;124,7;102
RES010340;2024/09/19;GDS;428;2024/09/26;2;153,12;108
RES010341;2024/09/10;Velora.com;170;2024/09/12;2;159,06;103
RES010342;2024/09/04;Phone;146;2024/09/18;2;250,2;101
RES010343;2024/09/01;At the hotel;70;2024/09/08;2;33,73;109
RES010344;2024/09/20;Connected Wholesaler;224;2024/09/23;1;111,59;104
RES010345;2024/09/13;GDS;342;2024/09/19;3;140,77;107
RES010346;2024/07/17;Phone;218;2024/09/27;2;157,83;103
RES010347;2024/08/15;App;127;2024/09/15;1;178,72;107
RES010348;2024/10/23;Velora.com;256;2024/10/25;4;115,15;107
RES010349;2024/09/05;Velora.com;482;2024/10/16;1;188,91;105
RES010350;2024/07/14;GDS;111;2024/09/25;1;295,15;110
RES010351;2024/09/20;GDS;223;2024/09/23;1;192,37;102
RES010352;2024/09/08;GDS;86;2024/10/13;4;116,07;108
RES010353;2024/06/15;Velora.com;180;2024/09/13;1;219,46;103
RES010354;2024/08/10;Velora.com;275;2024/09/26;1;141,68;101
RES010355;2024/10/18;Velora.com;177;2024/10/18;3;137,35;105
RES010356;2024/10/26;At the hotel;19;2024/10/30;2;0;104
RES010357;2024/10/29;At the hotel;175;2024/10/30;1;120,48;105
RES010358;2024/08/10;GDS;433;2024/10/02;1;200,6;108
RES010359;2024/10/05;At the hotel;112;2024/10/18;2;163,07;103
RES010360;2024/10/29;At the hotel;485;2024/11/02;1;192,75;104
RES010361;2024/09/07;GDS;216;2024/09/10;3;198,38;105
RES010362;2024/10/15;App;440;2024/11/16;3;187,88;105
RES010363;2024/10/14;Velora.com;457;2024/10/18;1;177,17;105
RES010364;2024/10/12;Phone;478;2024/10/22;1;134,94;101
RES010365;2024/10/04;At the hotel;405;2024/10/05;2;33,66;108
RES010366;2024/10/20;At the hotel;464;2024/11/22;4;186,36;108
RES010367;2024/08/28;Velora.com;368;2024/09/03;1;177,09;106
RES010368;2024/10/22;GDS;121;2024/10/24;1;133,33;109
RES010369;2024/09/10;Phone;434;2024/09/12;2;122,89;105
RES010370;2024/10/18;Velora.com;10;2024/10/19;2;137,06;107
RES010371;2024/09/27;GDS;258;2024/10/16;1;156,61;106
RES010372;2024/10/01;GDS;7;2024/10/15;1;144,58;105
RES010373;2024/09/09;Phone;181;2024/09/29;1;131,06;101
RES010374;2024/10/02;At the hotel;403;2024/10/04;1;156,61;102
RES010375;2024/09/21;GDS;220;2024/10/11;2;120,47;103
RES010376;2024/09/19;GDS;13;2024/10/26;1;117,02;108
RES010377;2024/10/01;Velora.com;186;2024/11/16;1;192,75;103
RES010378;2024/09/14;Velora.com;225;2024/09/25;2;233,39;110
RES010379;2024/09/12;GDS;470;2024/10/23;1;112,05;103
RES010380;2024/09/10;Velora.com;147;2024/09/11;1;123,97;103
RES010381;2024/10/03;At the hotel;396;2024/10/06;3;147,11;110
RES010382;2024/09/26;Phone;314;2024/10/16;4;189,09;101
RES010383;2024/10/25;App;345;2024/10/26;1;163,07;106
RES010384;2024/10/10;At the hotel;483;2024/10/11;1;180,71;105
RES010385;2024/09/28;At the hotel;233;2024/09/29;2;204,82;103
RES010386;2024/09/18;Velora.com;11;2024/09/24;2;82,6;107
RES010387;2024/10/15;Velora.com;129;2024/10/20;2;138,13;102
RES010388;2024/10/24;App;56;2024/11/26;2;144,24;102
RES010389;2024/10/02;GDS;293;2024/10/14;2;208,48;101
RES010390;2024/10/15;Velora.com;93;2024/10/15;2;48,19;107
RES010391;2024/09/20;Connected Wholesaler;207;2024/09/21;2;82,92;104
RES010392;2024/09/27;Velora.com;325;2024/10/23;3;160,23;101
RES010393;2024/10/19;App;365;2024/11/01;1;132,53;105
RES010394;2024/08/27;Connected Wholesaler;131;2024/09/04;2;164,59;104
RES010395;2024/10/11;Phone;345;2024/10/15;2;163,99;102
RES010396;2024/10/14;At the hotel;458;2024/11/15;1;62,64;107
RES010397;2024/07/22;GDS;69;2024/10/07;2;164,88;103
RES010398;2024/09/17;GDS;205;2024/09/22;3;122,88;104
RES010399;2024/06/04;Velora.com;306;2024/10/21;2;209,94;107
RES010400;2024/10/25;GDS;470;2024/10/29;2;112,65;110
RES010401;2024/10/07;Velora.com;36;2024/10/08;1;265,11;101
RES010402;2024/10/09;Velora.com;52;2024/10/10;2;112,65;101
RES010404;2024/10/12;Connected Wholesaler;362;2024/10/21;2;174,86;110
RES010405;2024/09/03;Velora.com;233;2024/10/12;3;66,67;107
RES010406;2024/08/10;GDS;268;2024/09/13;2;117,77;104
RES010407;2024/09/19;Velora.com;136;2024/09/26;3;170,98;105
RES010408;2024/07/30;GDS;185;2024/09/25;2;249,61;105
RES010409;2024/09/08;Velora.com;101;2024/10/04;1;162,43;106
RES010410;2024/10/01;GDS;131;2024/10/07;3;122,89;108
RES010411;2024/09/26;Velora.com;291;2024/10/07;2;33,81;109
RES010412;2024/10/16;Phone;153;2024/10/30;3;264,11;101
RES010413;2024/07/18;Phone;183;2024/10/02;1;141,61;104
RES010414;2024/10/08;At the hotel;373;2024/10/20;1;180,35;109
RES010415;2024/10/23;App;52;2024/10/31;1;188,84;101
RES010416;2024/09/27;At the hotel;308;2024/10/16;2;206,06;107
RES010417;2024/08/21;GDS;6;2024/09/19;2;392,97;106
RES010418;2024/09/17;Velora.com;334;2024/09/29;2;164,96;102
RES010419;2024/09/29;Connected Wholesaler;289;2024/11/03;1;335,65;105
RES010420;2024/08/12;GDS;303;2024/10/02;2;145,78;103
RES010421;2024/08/23;Phone;307;2024/10/01;2;162,65;101
RES010422;2024/09/08;Phone;454;2024/10/19;2;198,84;108
RES010423;2024/10/05;Velora.com;356;2024/10/05;2;146,21;103
RES010424;2024/09/05;At the hotel;63;2024/10/01;1;157,57;103
RES010425;2024/09/26;Connected Wholesaler;367;2024/09/26;4;94,88;101
RES010426;2024/08/15;App;217;2024/10/04;2;132,89;103
RES010427;2024/09/13;GDS;93;2024/09/24;2;163,51;105
RES010428;2024/09/25;GDS;471;2024/10/30;2;216,58;102
RES010429;2024/09/30;Velora.com;55;2024/10/02;1;103,34;102
RES010430;2024/10/06;Velora.com;478;2024/10/16;2;211,12;104
RES010432;2024/10/10;At the hotel;159;2024/10/14;2;144,58;107
RES010433;2024/08/03;Velora.com;254;2024/09/19;3;289,27;103
RES010434;2024/06/29;GDS;315;2024/09/10;2;152,66;105
RES010435;2024/09/28;At the hotel;347;2024/09/29;1;126,61;101
RES010436;2024/09/24;At the hotel;392;2024/10/06;2;63,03;107
RES010437;2024/10/25;Velora.com;200;2024/11/30;1;167,08;105
RES010438;2024/09/13;GDS;79;2024/10/21;2;128,72;107
RES010439;2024/09/09;Phone;325;2024/09/22;2;151,51;107
RES010440;2024/09/20;Velora.com;355;2024/09/21;1;137,06;104
RES010441;2024/10/06;Velora.com;134;2024/10/08;2;144,07;101
RES010442;2024/10/01;App;63;2024/10/09;1;159,03;101
RES010443;2024/10/08;Velora.com;400;2024/10/23;3;120,43;110
RES010444;2024/04/22;At the hotel;478;2024/10/20;3;112,04;110
RES010445;2024/09/20;Connected Wholesaler;382;2024/10/26;2;136,49;101
RES010446;2024/09/20;GDS;411;2024/10/17;1;134,34;102
RES010447;2024/10/15;Phone;392;2024/10/31;2;201,88;110
RES010448;2024/09/10;Velora.com;53;2024/10/23;1;35,73;106
RES010449;2024/09/09;At the hotel;451;2024/09/10;2;147,88;105
RES010450;2024/09/22;Velora.com;158;2024/10/08;1;141,68;110
RES010451;2024/10/10;Velora.com;55;2024/10/24;4;224,04;106
RES010452;2024/09/18;At the hotel;337;2024/09/19;2;114,46;106
RES010453;2024/08/25;Velora.com;115;2024/10/01;1;178,59;105
RES010454;2024/09/26;Velora.com;399;2024/09/28;2;107,62;101
RES010455;2024/09/08;Velora.com;404;2024/09/15;2;123;104
RES010456;2024/08/11;Velora.com;134;2024/09/20;1;33,81;105
RES010457;2024/10/09;At the hotel;134;2024/10/11;3;150,6;110
RES010458;2024/08/29;Phone;397;2024/09/08;1;132,53;109
RES010459;2024/09/15;GDS;88;2024/09/17;2;144,58;102
RES010460;2024/09/10;Velora.com;191;2024/09/11;1;129,88;101
RES010461;2024/09/16;At the hotel;36;2024/09/18;3;204,99;101
RES010462;2024/10/09;Velora.com;29;2024/10/14;1;112,85;109
RES010463;2024/09/11;GDS;447;2024/09/11;2;159,3;102
RES010464;2024/09/03;At the hotel;333;2024/09/06;1;170,98;106
RES010465;2024/10/18;GDS;17;2024/10/22;2;146,56;109
RES010466;2024/09/02;Velora.com;104;2024/10/30;2;265,66;104
RES010467;2024/10/07;GDS;114;2024/10/16;2;282,75;104
RES010468;2024/05/15;Velora.com;396;2024/09/28;3;206,94;105
RES010469;2024/08/23;GDS;245;2024/09/12;1;109,09;108
RES010470;2024/09/07;App;454;2024/09/19;1;128,55;110
RES010471;2024/09/20;GDS;270;2024/10/23;3;206,73;109
RES010472;2024/09/06;GDS;133;2024/10/31;2;134,34;108
RES010473;2024/09/20;Phone;239;2024/10/16;1;146,99;109
RES010474;2024/10/11;At the hotel;297;2024/11/12;1;210,84;106
RES010475;2024/10/11;At the hotel;415;2024/10/17;1;122,13;110
RES010476;2024/10/13;Velora.com;495;2024/10/20;2;114,74;110
RES010477;2024/10/04;App;184;2024/10/24;1;171,08;105
RES010478;2024/09/15;At the hotel;445;2024/09/17;4;0;108
RES010479;2024/09/09;At the hotel;455;2024/09/15;1;33,76;109
RES010480;2024/09/14;Velora.com;139;2024/10/09;2;219,83;103
RES010481;2024/08/29;Velora.com;185;2024/10/05;2;128,9;106
RES010482;2024/10/18;Velora.com;239;2024/10/19;2;133,24;109
RES010483;2024/10/03;At the hotel;427;2024/11/03;1;70,48;105
RES010484;2024/08/21;Connected Wholesaler;327;2024/09/24;1;221,51;109
RES010485;2024/09/13;Velora.com;3;2024/10/14;1;204,54;102
RES010486;2024/10/02;At the hotel;427;2024/10/17;1;118,17;102
RES010487;2024/10/09;App;182;2024/10/31;1;113,52;108
RES010488;2024/08/18;Velora.com;168;2024/10/17;2;389,11;104
RES010489;2024/10/15;Velora.com;378;2024/10/24;1;168,67;101
RES010490;2024/10/16;GDS;83;2024/10/23;1;247,62;106
RES010491;2024/09/02;App;37;2024/09/09;2;138,54;103
RES010492;2024/10/01;At the hotel;84;2024/10/27;2;0;104
RES010493;2024/09/20;At the hotel;96;2024/09/20;2;0;104
RES010494;2024/06/04;Velora.com;291;2024/09/03;1;183,2;104
RES010495;2024/09/11;Velora.com;364;2024/09/12;3;168,39;108
RES010496;2024/09/28;App;113;2024/09/28;2;121,21;105
RES010497;2024/08/16;At the hotel;477;2024/09/22;1;135,05;103
RES010498;2024/09/21;App;222;2024/09/23;1;193,25;104
RES010499;2024/09/04;GDS;438;2024/11/10;2;168,81;107
RES010500;2024/09/23;At the hotel;246;2024/09/24;1;114,8;109
RES010501;2024/09/24;Velora.com;312;2024/10/15;1;84,25;107
RES010502;2024/09/09;Velora.com;198;2024/09/13;2;0;104
RES010503;2024/10/13;App;247;2024/10/19;1;128,24;105
RES010504;2024/10/26;GDS;273;2024/11/30;1;122,89;110
RES010505;2024/09/30;At the hotel;459;2024/10/02;2;126,61;110
RES010506;2024/10/14;GDS;11;2024/10/14;3;186,74;103
RES010507;2024/09/03;GDS;397;2024/09/21;2;145,59;109
RES010508;2024/10/09;Connected Wholesaler;13;2024/10/14;2;100,94;109
RES010509;2024/08/03;Velora.com;306;2024/09/07;4;161,21;109
RES010510;2024/10/01;Velora.com;221;2024/10/04;1;106,62;103
RES010511;2024/10/02;Velora.com;464;2024/10/07;2;122,13;101
RES010512;2024/09/16;At the hotel;7;2024/09/18;4;207,62;108
RES010513;2024/10/26;Velora.com;109;2024/10/26;1;162,31;110
RES010514;2024/06/08;Connected Wholesaler;404;2024/09/16;2;130,14;104
RES010515;2024/10/13;Connected Wholesaler;255;2024/10/14;2;141,87;105
RES010516;2024/10/18;GDS;124;2024/10/29;2;112,65;107
RES010517;2024/10/29;At the hotel;82;2024/10/31;1;170,98;108
RES010518;2024/10/20;At the hotel;285;2024/10/22;2;162,31;104
RES010519;2024/10/03;At the hotel;155;2024/10/08;2;168,67;102
RES010520;2024/09/04;At the hotel;269;2024/09/05;3;144,7;101
RES010521;2024/08/07;At the hotel;10;2024/09/11;2;150,59;101
RES010522;2024/10/03;App;459;2024/10/06;3;120,41;102
RES010523;2024/06/13;GDS;189;2024/09/07;2;235,13;110
RES010524;2024/09/09;At the hotel;135;2024/09/10;1;174,7;109
RES010525;2024/04/24;At the hotel;479;2024/09/09;2;112,05;104
RES010526;2024/10/17;At the hotel;469;2024/10/18;1;0;102
RES010527;2024/08/05;GDS;10;2024/09/06;4;151,8;107
RES010528;2024/06/06;Velora.com;5;2024/09/07;1;232,05;110
RES010529;2024/10/28;Velora.com;5;2024/10/29;2;118,07;103
RES010530;2024/09/15;At the hotel;281;2024/10/27;3;180,87;109
RES010531;2024/10/12;Connected Wholesaler;446;2024/10/18;2;94,96;105
RES010532;2024/09/10;App;330;2024/09/20;1;136,36;106
RES010533;2024/10/15;At the hotel;287;2024/11/19;1;138,55;109
RES010534;2024/09/06;Connected Wholesaler;50;2024/09/16;2;123,63;101
RES010535;2024/09/03;GDS;155;2024/09/10;1;130,12;107
RES010536;2024/09/27;Velora.com;357;2024/10/04;2;171,33;109
RES010537;2024/10/16;GDS;223;2024/10/20;2;114,46;104
RES010538;2024/09/05;Velora.com;490;2024/09/05;2;248,56;108
RES010539;2024/09/19;Velora.com;416;2024/09/22;2;104,05;104
RES010540;2024/06/26;Velora.com;364;2024/10/14;3;198,53;109
RES010541;2024/09/23;Velora.com;222;2024/10/01;1;253,25;105
RES010542;2024/09/29;At the hotel;99;2024/10/07;1;133,33;106
RES010543;2024/08/19;App;147;2024/09/10;1;223,07;109
RES010544;2024/09/22;GDS;292;2024/10/17;3;192,77;110
RES010545;2024/09/17;At the hotel;162;2024/09/26;1;101,2;105
RES010546;2024/09/08;Velora.com;179;2024/09/19;2;209,45;104
RES010547;2024/09/26;At the hotel;226;2024/09/28;2;151,51;108
RES010548;2024/08/09;GDS;450;2024/10/11;1;157,57;105
RES010549;2024/10/19;At the hotel;302;2024/10/21;1;70,54;103
RES010550;2024/10/29;Velora.com;290;2024/10/29;2;175,89;104
RES010551;2024/09/07;Velora.com;295;2024/09/28;2;123,63;104
RES010552;2024/10/19;GDS;470;2024/10/27;1;114,46;110
RES010553;2024/06/22;Velora.com;332;2024/09/09;1;138,68;108
RES010554;2024/10/20;Velora.com;483;2024/10/27;2;108,34;104
RES010555;2024/10/22;GDS;192;2024/10/25;3;117,03;109
RES010556;2024/09/12;Phone;233;2024/09/16;3;163,99;101
RES010557;2024/09/29;Velora.com;464;2024/10/06;2;149,39;107
RES010558;2024/10/14;At the hotel;388;2024/10/14;1;180,71;110
RES010559;2024/10/05;Velora.com;353;2024/10/07;1;170,86;109
RES010560;2024/07/23;Velora.com;209;2024/10/28;1;168,62;107
RES010561;2024/09/10;Phone;183;2024/09/12;1;214,25;106
RES010562;2024/10/08;GDS;336;2024/10/12;1;128;102
RES010563;2024/08/28;GDS;47;2024/09/04;2;114,55;101
RES010564;2024/09/06;Velora.com;143;2024/09/09;5;123,63;110
RES010565;2024/10/15;Velora.com;441;2024/10/15;1;122,89;101
RES010566;2024/09/13;At the hotel;168;2024/09/14;1;210,84;102
RES010567;2024/08/20;Velora.com;157;2024/09/06;5;125,9;101
RES010568;2024/10/23;Velora.com;222;2024/10/28;2;147,58;107
RES010569;2024/10/13;Velora.com;174;2024/10/15;1;106,91;110
RES010570;2024/11/02;App;8;2024/11/02;2;147,61;102
RES010571;2024/06/15;At the hotel;221;2024/10/31;4;112,05;104
RES010572;2024/09/10;Connected Wholesaler;1;2024/09/22;1;125,25;104
RES010573;2024/09/14;Phone;271;2024/09/17;2;156,61;106
RES010574;2024/09/03;Phone;186;2024/10/30;2;130,5;102
RES010575;2024/09/21;Connected Wholesaler;463;2024/09/22;2;133,28;105
RES010576;2024/09/20;Phone;145;2024/09/22;3;159,99;106
RES010577;2024/09/15;GDS;482;2024/09/22;1;156,42;105
RES010578;2024/09/19;At the hotel;13;2024/09/21;2;178,07;108
RES010579;2024/09/21;At the hotel;156;2024/09/30;2;33,73;107
RES010580;2024/10/02;At the hotel;116;2024/10/04;1;126,61;103
RES010581;2024/09/04;At the hotel;430;2024/09/06;2;156,61;108
RES010582;2024/08/28;At the hotel;296;2024/09/22;1;72,29;107
RES010583;2024/08/22;GDS;17;2024/09/16;2;135,42;110
RES010584;2024/10/09;Phone;346;2024/10/27;1;183,95;101
RES010585;2024/09/01;GDS;181;2024/09/15;3;129,52;106
RES010586;2024/10/08;Velora.com;425;2024/10/13;2;33,78;107
RES010587;2024/08/08;GDS;258;2024/09/22;2;111,85;105
RES010588;2024/10/09;GDS;481;2024/10/16;2;140,45;106
RES010589;2024/08/23;Phone;195;2024/10/18;1;162,63;108
RES010590;2024/09/14;GDS;12;2024/10/15;2;156,61;106
RES010591;2024/10/09;App;46;2024/10/25;1;217,66;102
RES010592;2024/10/05;At the hotel;441;2024/10/08;2;0;106
RES010593;2024/10/10;GDS;15;2024/10/17;3;162,65;110
RES010594;2024/08/30;GDS;122;2024/10/12;3;181,91;103
RES010595;2024/08/27;Velora.com;34;2024/09/27;1;119,27;101
RES010596;2024/10/30;At the hotel;321;2024/11/30;1;230,3;108
RES010597;2024/10/03;Velora.com;476;2024/10/11;2;149,94;104
RES010598;2024/10/15;At the hotel;267;2024/11/19;1;69,28;107
RES010599;2024/09/18;GDS;116;2024/09/25;3;168,32;107
RES010600;2024/09/26;Velora.com;301;2024/09/26;1;129,88;106
RES010601;2024/09/16;GDS;267;2024/09/21;2;111,18;109
RES010602;2024/10/03;Velora.com;231;2024/10/22;1;223,33;103
RES010603;2024/08/28;Velora.com;301;2024/09/16;2;224,52;102
RES010604;2024/06/01;GDS;99;2024/09/09;1;145,78;107
RES010605;2024/09/30;Velora.com;438;2024/10/17;1;181,92;103
RES010606;2024/09/18;GDS;52;2024/09/23;1;145,33;109
RES010607;2024/09/20;GDS;485;2024/09/21;1;156;109
RES010608;2024/09/05;Phone;52;2024/10/01;1;306,62;106
RES010609;2024/10/01;At the hotel;393;2024/10/08;2;201,51;108
RES010610;2024/10/08;App;336;2024/10/15;3;215,67;101
RES010611;2024/09/06;App;38;2024/09/17;4;152,66;105
RES010613;2024/09/16;Velora.com;262;2024/10/28;1;168,45;105
RES010614;2024/09/18;Connected Wholesaler;247;2024/10/11;2;100,3;105
RES010615;2024/10/01;App;377;2024/10/11;1;136,52;103
RES010616;2024/10/19;Velora.com;269;2024/10/25;1;126,5;104
RES010617;2024/09/09;Velora.com;464;2024/09/13;2;153,74;106
RES010618;2024/09/20;Velora.com;25;2024/09/26;3;129,64;107
RES010619;2024/10/07;Velora.com;35;2024/10/26;1;34,25;107
RES010620;2024/08/27;At the hotel;101;2024/09/03;1;181,82;106
RES010621;2024/08/08;GDS;153;2024/09/11;1;269,91;106
RES010622;2024/10/14;Velora.com;227;2024/10/24;2;140,62;106
RES010623;2024/10/22;At the hotel;237;2024/10/26;3;149,4;103
RES010624;2024/09/03;At the hotel;106;2024/09/03;1;78;108
RES010626;2024/09/09;Velora.com;279;2024/09/09;2;145,78;102
RES010627;2024/08/07;App;296;2024/09/09;1;175,75;105
RES010628;2024/10/14;At the hotel;38;2024/10/16;1;207,62;104
RES010629;2024/09/21;Velora.com;309;2024/10/11;1;181,67;110
RES010630;2024/10/16;GDS;32;2024/10/17;1;96,97;106
RES010632;2024/09/22;At the hotel;198;2024/09/24;1;186,36;108
RES010633;2024/09/20;Velora.com;470;2024/10/05;2;214,64;105
RES010634;2024/09/23;GDS;203;2024/10/11;2;156,75;106
RES010635;2024/10/05;App;297;2024/10/08;2;194,51;110
RES010636;2024/08/25;App;130;2024/10/18;3;166,06;101
RES010637;2024/09/21;GDS;485;2024/10/25;5;162,63;109
RES010638;2024/09/26;GDS;160;2024/10/22;2;111,85;107
RES010639;2024/10/17;At the hotel;134;2024/10/24;3;183,28;106
RES010640;2024/10/02;At the hotel;55;2024/11/03;1;62,65;102
RES010641;2024/09/20;Velora.com;355;2024/09/30;2;33,78;107
RES010642;2024/09/05;Velora.com;369;2024/10/19;1;93,45;104
RES010643;2024/10/01;Velora.com;25;2024/10/02;1;138,24;110
RES010644;2024/09/30;At the hotel;76;2024/10/08;2;33,73;107
RES010645;2024/04/11;At the hotel;348;2024/09/08;1;240,96;108
RES010646;2024/05/29;App;223;2024/10/03;1;191,63;101
RES010647;2024/10/05;Phone;441;2024/10/26;2;152,4;103
RES010648;2024/07/16;Velora.com;161;2024/09/14;1;253,32;109
RES010649;2024/08/30;Velora.com;449;2024/09/03;4;117,57;102
RES010650;2024/11/01;Velora.com;380;2024/11/01;2;103,01;101
RES010651;2024/06/13;GDS;391;2024/09/25;1;133,33;105
RES010652;2024/05/27;Velora.com;395;2024/09/05;1;146,68;107
RES010653;2024/10/11;At the hotel;28;2024/10/13;1;0;102
RES010654;2024/09/18;At the hotel;174;2024/09/20;2;132,64;108
RES010655;2024/09/06;Connected Wholesaler;152;2024/09/27;3;144,18;108
RES010656;2024/09/18;GDS;108;2024/10/30;3;163,63;106
RES010657;2024/07/04;Velora.com;257;2024/09/06;2;33,71;107
RES010658;2024/09/21;At the hotel;371;2024/10/22;1;114,8;110
RES010659;2024/09/06;At the hotel;171;2024/09/21;1;138,67;107
RES010660;2024/10/25;At the hotel;181;2024/10/26;1;170,98;108
RES010661;2024/09/05;Phone;446;2024/10/16;1;330,88;107
RES010662;2024/09/25;GDS;135;2024/09/30;2;133,12;101
RES010663;2024/09/01;GDS;55;2024/10/03;2;271,79;103
RES010664;2024/08/21;GDS;161;2024/10/14;1;158,77;110
RES010665;2024/09/14;Velora.com;453;2024/10/04;1;0;102
RES010666;2024/08/26;GDS;457;2024/09/21;2;133,12;105
RES010667;2024/08/21;GDS;199;2024/09/14;1;138,85;107
RES010668;2024/09/09;App;314;2024/10/31;1;161,56;105
RES010669;2024/09/04;Velora.com;65;2024/09/12;1;203,67;101
RES010670;2024/07/10;App;339;2024/09/12;1;101,21;103
RES010671;2024/10/01;App;398;2024/10/02;1;162,65;102
RES010672;2024/10/07;GDS;412;2024/10/10;2;120,48;108
RES010673;2024/08/17;Phone;500;2024/09/09;1;132,53;106
RES010674;2024/09/17;Velora.com;454;2024/09/30;2;35,73;102
RES010675;2024/09/25;App;392;2024/10/16;1;181,92;103
RES010676;2024/03/17;Phone;374;2024/10/13;2;94,06;103
RES010677;2024/09/11;Connected Wholesaler;423;2024/10/06;1;169,65;106
RES010678;2024/09/16;GDS;385;2024/09/18;1;138,55;107
RES010679;2024/09/18;Velora.com;148;2024/09/21;2;148,48;110
RES010680;2024/09/30;At the hotel;493;2024/10/01;1;252,52;106
RES010681;2024/07/02;GDS;164;2024/10/09;2;213,73;109
RES010682;2024/09/16;GDS;358;2024/10/15;3;145,45;107
RES010683;2024/09/05;GDS;62;2024/09/14;2;132,53;101
RES010684;2024/10/16;At the hotel;102;2024/10/17;1;77,59;104
RES010685;2024/09/22;At the hotel;423;2024/10/23;1;182,56;104
RES010686;2024/08/26;Velora.com;367;2024/10/24;4;34,25;106
RES010687;2024/11/01;Velora.com;211;2024/11/01;1;110,78;110
RES010688;2024/09/10;At the hotel;74;2024/09/12;1;0;106
RES010689;2024/08/28;Velora.com;80;2024/09/05;2;127,51;101
RES010690;2024/10/01;Velora.com;81;2024/10/09;1;171,19;110
RES010691;2024/09/24;At the hotel;209;2024/09/28;2;149,4;110
RES010692;2024/09/20;Velora.com;229;2024/09/22;2;74,94;107
RES010693;2024/09/22;Velora.com;429;2024/10/22;1;112,85;109
RES010694;2024/10/29;Connected Wholesaler;357;2024/11/01;1;93,65;106
RES010695;2024/09/30;Connected Wholesaler;499;2024/10/01;1;99,39;110
RES010696;2024/07/09;Velora.com;403;2024/10/08;2;184,33;103
RES010698;2024/09/08;Phone;252;2024/09/14;1;144,84;108
RES010699;2024/10/11;Velora.com;335;2024/10/29;1;155,55;109
RES010700;2024/03/08;Velora.com;114;2024/10/03;1;34,25;108
RES010701;2024/08/08;Velora.com;77;2024/09/03;1;188,91;110
RES010702;2024/10/09;Connected Wholesaler;255;2024/10/15;1;89,4;108
RES010703;2024/09/22;Velora.com;205;2024/10/22;1;108,53;107
RES010704;2024/08/24;GDS;83;2024/09/14;1;246,66;109
RES010705;2024/09/18;Connected Wholesaler;355;2024/10/11;1;108,41;103
RES010706;2024/09/10;GDS;13;2024/09/16;2;132,53;106
RES010707;2024/09/11;Phone;401;2024/10/01;1;177,09;105
RES010708;2024/10/16;Velora.com;24;2024/10/20;1;97,29;107
RES010709;2024/06/11;GDS;181;2024/09/18;2;326,77;106
RES010710;2024/09/04;GDS;471;2024/09/22;1;107,53;104
RES010711;2024/08/03;App;212;2024/09/22;1;144,09;110
RES010712;2024/10/10;GDS;61;2024/10/31;1;171,22;110
RES010713;2024/10/04;GDS;489;2024/10/06;1;160,92;102
RES010714;2024/10/28;At the hotel;31;2024/11/28;1;120,48;106
RES010715;2024/10/02;At the hotel;105;2024/10/04;3;186,5;102
RES010716;2024/09/26;Phone;209;2024/10/22;1;156,75;104
RES010717;2024/07/18;GDS;91;2024/09/19;1;165,89;108
RES010718;2024/10/18;App;473;2024/10/27;2;139,39;109
RES010719;2024/09/29;Connected Wholesaler;492;2024/10/13;2;96,06;108
RES010720;2024/09/18;GDS;50;2024/10/06;1;130,5;106
RES010721;2024/10/29;Velora.com;237;2024/11/01;2;184,36;103
RES010722;2024/08/21;GDS;454;2024/09/18;1;162,63;107
RES010723;2024/09/25;GDS;48;2024/09/27;1;158,53;105
RES010724;2024/10/24;At the hotel;396;2024/10/29;2;33,76;102
RES010725;2024/10/17;At the hotel;161;2024/10/26;2;147,88;105
RES010726;2024/09/07;App;100;2024/09/08;3;87,02;109
RES010727;2024/07/20;GDS;33;2024/10/06;1;171,2;102
RES010728;2024/10/17;At the hotel;228;2024/10/18;2;0;106
RES010729;2024/09/13;Phone;221;2024/09/28;2;215,32;103
RES010730;2024/09/15;Velora.com;220;2024/09/17;2;190,06;101
RES010731;2024/09/28;Velora.com;200;2024/10/08;2;179,62;102
RES010732;2024/09/29;At the hotel;57;2024/09/30;1;126,61;109
RES010733;2024/01/14;App;451;2024/10/06;1;120,23;108
RES010734;2024/09/15;Velora.com;488;2024/10/16;2;112,04;101
RES010735;2024/10/31;Phone;436;2024/11/04;1;113,94;110
RES010736;2024/09/05;Velora.com;68;2024/09/22;3;154,8;104
RES010737;2024/07/17;Velora.com;473;2024/10/28;2;254,21;101
RES010738;2024/10/14;App;372;2024/10/26;1;115,45;101
RES010739;2024/08/04;GDS;233;2024/10/22;2;194,58;103
RES010740;2024/09/08;GDS;327;2024/10/02;1;156,62;109
RES010741;2024/10/17;At the hotel;247;2024/10/17;2;62,65;108
RES010742;2024/09/08;Velora.com;8;2024/09/10;3;128,91;107
RES010743;2024/08/02;GDS;77;2024/09/29;4;117,77;108
RES010744;2024/09/27;At the hotel;77;2024/09/28;2;116,87;102
RES010745;2024/08/31;Connected Wholesaler;400;2024/09/10;3;155,72;108
RES010746;2024/10/06;Velora.com;329;2024/10/09;2;176,74;107
RES010747;2024/09/14;GDS;269;2024/10/15;2;260,6;106
RES010748;2024/09/29;Phone;434;2024/10/26;4;166,4;103
RES010749;2024/10/31;At the hotel;348;2024/11/01;1;193,94;106
RES010750;2024/09/18;App;111;2024/09/18;2;177,09;106
RES010751;2024/09/21;At the hotel;367;2024/10/22;2;182,56;108
RES010752;2024/09/06;Velora.com;432;2024/09/14;2;130,04;109
RES010753;2024/09/15;Velora.com;398;2024/10/15;1;129,3;108
RES010754;2024/10/22;Velora.com;59;2024/10/25;3;33,78;102
RES010755;2024/07/12;Velora.com;488;2024/10/17;2;150,6;102
RES010756;2024/09/11;GDS;51;2024/10/02;2;225,11;105
RES010757;2024/09/18;GDS;50;2024/10/28;1;115,15;105
RES010758;2024/09/20;Connected Wholesaler;28;2024/10/20;2;205,07;105
RES010759;2024/09/12;At the hotel;67;2024/09/13;1;180,71;103
RES010760;2024/10/05;Connected Wholesaler;449;2024/10/18;2;65,17;108
RES010761;2024/10/01;App;182;2024/11/01;1;183,2;102
RES010762;2024/09/11;Phone;385;2024/09/16;2;212,09;110
RES010763;2024/10/15;App;176;2024/10/18;2;218,18;103
RES010764;2024/10/23;GDS;484;2024/10/28;3;140,95;106
RES010765;2024/09/25;At the hotel;103;2024/09/25;3;204,99;104
RES010766;2024/09/25;GDS;23;2024/10/03;1;152,66;106
RES010767;2024/09/12;App;251;2024/10/02;1;149,4;102
RES010768;2024/10/17;At the hotel;136;2024/10/28;1;95,45;104
RES010769;2024/09/05;Connected Wholesaler;239;2024/10/04;1;205,57;108
RES010770;2024/10/11;App;358;2024/10/12;2;117,47;102
RES010771;2024/09/23;GDS;303;2024/09/23;3;126,5;101
RES010772;2024/08/07;GDS;328;2024/10/16;1;161,21;106
RES010773;2024/08/30;At the hotel;310;2024/09/09;1;200;109
RES010774;2024/10/09;GDS;356;2024/10/15;2;122,89;103
RES010775;2024/10/01;App;295;2024/11/02;1;138,26;109
RES010776;2024/08/20;Velora.com;172;2024/10/15;1;198,53;104
RES010777;2024/09/12;GDS;144;2024/09/20;1;192,75;106
RES010778;2024/10/10;Connected Wholesaler;430;2024/10/18;3;132,83;109
RES010779;2024/10/22;At the hotel;3;2024/10/25;2;169,69;103
RES010780;2024/09/23;GDS;47;2024/09/28;1;130,23;102
RES010781;2024/10/01;Velora.com;449;2024/10/15;3;184,32;108
RES010782;2024/08/23;Phone;257;2024/10/07;2;168,66;104
RES010783;2024/09/04;GDS;212;2024/10/01;2;194,8;109
RES010784;2024/09/18;GDS;73;2024/10/01;2;132,53;104
RES010785;2024/08/13;App;436;2024/10/11;2;195,67;102
RES010786;2024/10/14;GDS;268;2024/10/20;1;105,47;102
RES010787;2024/09/10;Velora.com;462;2024/09/10;3;126,24;105
RES010788;2024/09/04;App;245;2024/09/13;2;138,54;107
RES010789;2024/10/10;GDS;168;2024/10/27;1;112,05;103
RES010790;2024/10/19;At the hotel;358;2024/10/27;1;33,94;104
RES010791;2024/09/05;GDS;248;2024/09/10;2;143,37;104
RES010792;2024/09/03;App;276;2024/09/24;2;192,83;102
RES010793;2024/09/04;Velora.com;236;2024/09/13;2;131,35;110
RES010794;2024/09/22;GDS;320;2024/09/29;4;120,44;103
RES010795;2024/09/02;Velora.com;312;2024/10/03;1;103,13;103
RES010796;2024/08/24;Velora.com;327;2024/10/04;3;226,39;109
RES010797;2024/10/21;GDS;31;2024/10/28;4;107,53;107
RES010798;2024/10/12;App;35;2024/10/19;2;120,48;104
RES010799;2024/10/16;At the hotel;229;2024/10/17;1;175,9;108
RES010800;2024/09/21;Velora.com;47;2024/10/04;1;179,84;108
RES010801;2024/10/08;Velora.com;430;2024/10/13;2;144,75;108
RES010802;2024/10/08;App;342;2024/10/09;1;208,62;108
RES010803;2024/05/09;At the hotel;500;2024/09/03;2;133,33;104
RES010804;2024/09/06;Velora.com;326;2024/09/06;1;100,62;103
RES010805;2024/08/26;GDS;192;2024/09/08;2;183,73;105
RES010806;2024/10/05;GDS;244;2024/10/07;3;116,58;109
RES010807;2024/09/24;At the hotel;162;2024/10/26;1;146,66;108
RES010808;2024/08/15;GDS;166;2024/09/11;2;189,96;109
RES010809;2024/10/20;Velora.com;312;2024/11/21;3;360,53;106
RES010810;2024/08/16;App;53;2024/09/06;2;139,17;105
RES010811;2024/09/14;App;136;2024/09/14;2;117,47;106
RES010812;2024/07/25;GDS;29;2024/09/22;1;132,53;107
RES010813;2024/09/19;At the hotel;468;2024/10/19;1;62,65;104
RES010814;2024/08/17;Velora.com;99;2024/10/10;2;135,78;107
RES010815;2024/02/12;At the hotel;170;2024/10/12;1;87,2;108
RES010816;2024/09/19;App;76;2024/10/01;2;134,93;107
RES010817;2024/08/06;App;286;2024/09/13;3;219,83;105
RES010818;2024/09/11;Other;159;2024/09/13;2;108,43;102
RES010819;2024/10/25;App;248;2024/10/26;2;119,42;103
RES010820;2024/09/30;GDS;161;2024/10/03;3;123,71;110
RES010821;2024/09/15;Velora.com;491;2024/09/21;1;177,04;104
RES010822;2024/08/30;GDS;405;2024/10/11;1;130,29;101
RES010823;2024/09/11;Connected Wholesaler;372;2024/10/14;2;121,54;110
RES010824;2024/10/10;Phone;309;2024/11/11;2;216,26;109
RES010825;2024/10/17;At the hotel;34;2024/10/18;1;33,94;106
RES010826;2024/10/25;At the hotel;241;2024/10/26;1;151,51;107
RES010827;2024/09/03;Connected Wholesaler;32;2024/09/12;3;206,09;107
RES010828;2024/08/27;Connected Wholesaler;488;2024/09/03;2;110,24;102
RES010829;2024/09/11;GDS;295;2024/10/27;2;189,96;102
RES010830;2024/09/21;App;139;2024/10/06;4;144,28;108
RES010831;2024/09/24;At the hotel;420;2024/10/01;1;162,78;106
RES010832;2024/09/12;Velora.com;222;2024/09/19;2;145,66;108
RES010833;2024/10/16;At the hotel;457;2024/10/17;1;125,3;102
RES010834;2024/08/31;Velora.com;432;2024/09/07;2;102,4;110
RES010835;2024/06/12;Velora.com;347;2024/10/28;5;214,78;106
RES010836;2024/10/01;At the hotel;227;2024/10/04;2;126,61;102
RES010837;2024/09/21;At the hotel;280;2024/09/21;3;150,6;110
RES010838;2024/09/30;App;175;2024/10/04;1;138,6;109
RES010839;2024/08/14;GDS;124;2024/09/23;1;210,11;106
RES010840;2024/08/17;At the hotel;313;2024/09/13;3;0;102
RES010841;2024/10/19;GDS;489;2024/10/28;3;145,48;105
RES010842;2024/09/18;Velora.com;457;2024/09/22;1;115,01;110
RES010843;2024/09/03;At the hotel;401;2024/09/17;2;0;109
RES010844;2024/09/24;GDS;447;2024/10/07;1;145,99;109
RES010845;2024/07/21;Phone;448;2024/09/09;2;36,07;103
RES010846;2024/09/05;Velora.com;427;2024/09/05;2;194,8;107
RES010847;2024/09/02;Velora.com;292;2024/09/04;1;141,68;108
RES010848;2024/10/09;GDS;77;2024/10/16;2;261,29;109
RES010849;2024/09/13;At the hotel;233;2024/09/18;1;138,55;110
RES010850;2024/09/29;At the hotel;28;2024/10/05;2;72,35;101
RES010851;2024/04/25;Velora.com;273;2024/09/19;1;300,68;104
RES010852;2024/10/22;App;366;2024/10/22;2;139,41;104
RES010853;2024/09/13;At the hotel;268;2024/09/25;2;62,65;109
RES010854;2024/08/24;Phone;296;2024/09/05;1;240,56;102
RES010855;2024/09/12;GDS;201;2024/09/16;1;112,05;102
RES010856;2024/09/07;App;378;2024/09/08;4;113,63;104
RES010857;2024/10/06;At the hotel;51;2024/10/08;1;181,82;107
RES010858;2024/09/05;Phone;276;2024/09/22;2;138,37;107
RES010859;2024/10/06;App;334;2024/11/09;2;154,18;106
RES010860;2024/10/17;GDS;428;2024/10/29;4;146,28;102
RES010861;2024/09/24;Velora.com;250;2024/10/10;2;149,39;106
RES010862;2024/09/11;Phone;302;2024/09/15;2;163,99;101
RES010863;2024/09/23;Connected Wholesaler;348;2024/09/24;1;138,88;104
RES010864;2024/08/02;GDS;73;2024/09/10;3;173,49;104
RES010865;2024/10/27;App;274;2024/10/31;2;132,89;104
RES010866;2024/10/02;Velora.com;233;2024/10/02;2;118,07;103
RES010867;2024/08/29;Phone;290;2024/09/06;2;138,55;103
RES010868;2024/09/01;GDS;209;2024/10/16;3;173,13;102
RES010869;2024/09/18;Velora.com;263;2024/10/21;1;317,75;107
RES010870;2024/10/10;Connected Wholesaler;323;2024/10/13;2;92,36;102
RES010871;2024/09/26;Velora.com;372;2024/10/06;1;117,51;110
RES010872;2024/09/24;Velora.com;169;2024/10/15;2;150,6;105
RES010873;2024/09/16;App;69;2024/09/17;2;132,53;104
RES010874;2024/09/20;GDS;92;2024/10/01;2;201,31;103
RES010875;2024/09/27;Velora.com;285;2024/10/10;1;136,76;108
RES010876;2024/09/05;GDS;283;2024/10/07;2;102,2;102
RES010877;2024/09/08;GDS;257;2024/09/17;2;192,75;105
RES010878;2024/09/09;Phone;362;2024/09/12;1;168,58;108
RES010879;2024/09/25;Velora.com;171;2024/10/16;1;116,71;103
RES010880;2024/11/02;App;111;2024/11/03;2;108,43;104
RES010881;2024/08/21;Velora.com;135;2024/09/17;2;161,21;104
RES010882;2024/09/25;At the hotel;355;2024/10/09;1;72,29;104
RES010883;2024/10/03;GDS;101;2024/10/28;2;206,19;106
RES010884;2024/08/02;Velora.com;277;2024/09/09;3;133,33;109
RES010885;2024/10/04;At the hotel;389;2024/10/10;1;150,6;102
RES010886;2024/09/05;Phone;62;2024/09/09;2;184,5;109
RES010887;2024/10/24;At the hotel;17;2024/10/25;1;207,62;110
RES010888;2024/06/11;App;153;2024/10/07;1;262,48;105
RES010889;2024/10/15;Velora.com;14;2024/10/16;1;155,16;110
RES010890;2024/09/10;Velora.com;265;2024/10/30;2;112,04;108
RES010891;2024/09/08;GDS;162;2024/09/09;1;119,75;103
RES010892;2024/09/24;Velora.com;229;2024/09/29;1;117,88;110
RES010893;2024/10/05;GDS;325;2024/10/07;3;141,82;105
RES010894;2024/10/21;At the hotel;35;2024/10/22;2;183,2;109
RES010895;2024/10/09;Velora.com;26;2024/10/10;1;146,99;107
RES010896;2024/09/13;Velora.com;302;2024/10/15;2;189,01;110
RES010897;2024/08/27;App;20;2024/10/21;2;202,4;103
RES010898;2024/09/11;GDS;345;2024/09/17;1;167,94;103
RES010899;2024/10/10;App;377;2024/11/13;2;153,24;109
RES010900;2024/09/25;At the hotel;276;2024/10/21;1;72,29;103
RES010901;2024/10/13;App;162;2024/10/15;2;155,42;101
RES010902;2024/09/01;At the hotel;97;2024/09/04;2;70,54;105
RES010903;2024/09/11;At the hotel;12;2024/09/13;2;168,67;110
RES010904;2024/10/19;At the hotel;91;2024/11/22;1;78;102
RES010905;2024/08/08;Phone;492;2024/10/01;5;150,59;103
RES010906;2024/09/03;GDS;28;2024/09/08;1;121,98;105
RES010907;2024/08/31;GDS;143;2024/10/03;2;120,48;110
RES010908;2024/10/10;GDS;9;2024/10/13;1;129,4;106
RES010909;2023/10/11;At the hotel;473;2024/09/17;1;90,43;110
RES010910;2024/10/18;GDS;118;2024/10/22;1;158,79;104
RES010911;2024/09/23;Phone;288;2024/10/17;4;335,12;106
RES010912;2024/06/06;GDS;268;2024/09/23;1;163,63;110
RES010913;2024/09/26;Phone;363;2024/10/19;2;161,21;107
RES010914;2024/09/07;GDS;455;2024/09/20;3;131,13;108
RES010915;2024/08/30;GDS;241;2024/09/13;3;134,34;105
RES010916;2024/07/27;Phone;104;2024/09/09;2;180,12;110
RES010917;2024/09/02;Velora.com;376;2024/09/06;1;124,45;108
RES010918;2024/09/11;App;454;2024/11/01;1;163,88;110
RES010920;2024/09/23;At the hotel;264;2024/09/30;2;157,57;105
RES010921;2024/09/27;Velora.com;431;2024/10/13;2;145,94;109
RES010922;2024/09/08;At the hotel;34;2024/09/08;1;131,31;102
RES010923;2024/09/19;At the hotel;166;2024/11/01;1;201,18;108
RES010924;2024/10/22;At the hotel;85;2024/10/25;1;130,5;110
RES010925;2024/08/14;At the hotel;378;2024/09/23;2;151,79;102
RES010926;2024/10/02;Phone;59;2024/10/21;2;167,85;101
RES010927;2024/10/09;Phone;117;2024/10/14;2;176,58;108
RES010928;2024/09/26;GDS;353;2024/10/01;1;123,71;109
RES010929;2024/09/27;GDS;268;2024/10/02;1;185,03;101
RES010930;2024/08/26;App;226;2024/09/06;2;190,3;107
RES010931;2024/09/02;GDS;360;2024/10/09;1;82,6;110
RES010932;2024/09/23;GDS;466;2024/09/25;1;133,33;102
RES010933;2024/10/24;Velora.com;93;2024/10/25;1;203,66;105
RES010934;2024/09/27;App;105;2024/10/05;2;116,87;109
RES010935;2024/09/11;Velora.com;23;2024/10/07;1;126,17;101
RES010936;2024/09/07;At the hotel;400;2024/10/22;1;57,23;107
RES010937;2024/08/08;App;141;2024/09/06;2;178,72;104
RES010938;2024/02/25;Velora.com;200;2024/09/09;1;109,09;108
RES010939;2024/10/22;GDS;30;2024/10/22;2;122,89;101
RES010940;2024/09/11;Connected Wholesaler;246;2024/09/21;1;211,72;108
RES010941;2024/06/29;GDS;373;2024/10/08;3;210,56;106
RES010942;2024/10/18;At the hotel;130;2024/10/31;1;0;104
RES010943;2024/08/10;GDS;264;2024/10/10;2;162,31;104
RES010944;2024/08/20;Phone;160;2024/10/06;1;196,16;106
RES010945;2024/10/28;At the hotel;205;2024/10/31;1;156,61;110
RES010946;2024/09/24;Phone;475;2024/09/29;1;122,88;105
RES010947;2024/10/13;At the hotel;437;2024/10/14;1;128,74;104
RES010948;2024/08/13;Velora.com;407;2024/09/13;1;257,5;109
RES010949;2024/10/01;GDS;462;2024/10/23;1;207,27;101
RES010950;2024/08/28;Velora.com;125;2024/10/11;2;126,5;104
RES010951;2024/09/20;App;298;2024/09/27;1;158,77;103
RES010952;2024/09/09;Velora.com;72;2024/09/21;2;116,5;103
RES010953;2024/09/17;Connected Wholesaler;279;2024/10/04;5;100,6;110
RES010954;2024/09/10;Velora.com;243;2024/10/10;2;154,81;107
RES010955;2024/10/08;Connected Wholesaler;267;2024/10/21;1;110,24;110
RES010956;2024/07/28;Velora.com;426;2024/09/06;2;33,99;101
RES010957;2024/10/04;Phone;224;2024/10/10;1;154,63;107
RES010958;2024/09/08;App;264;2024/09/09;1;125,3;109
RES010959;2024/10/17;App;436;2024/10/17;1;133,33;107
RES010960;2024/09/07;At the hotel;338;2024/10/11;1;244,26;108
RES010961;2024/08/01;GDS;151;2024/09/28;1;133,13;110
RES010962;2024/10/09;Velora.com;407;2024/11/23;2;130,66;101
RES010963;2024/10/10;At the hotel;47;2024/10/14;2;33,73;108
RES010964;2024/09/21;Velora.com;458;2024/10/28;1;122,67;108
RES010965;2024/10/16;At the hotel;230;2024/10/19;2;62,7;106
RES010966;2024/08/11;GDS;38;2024/09/22;1;132,52;107
RES010967;2024/10/03;Velora.com;60;2024/10/04;1;126,66;110
RES010968;2024/09/17;App;176;2024/10/12;1;172,29;104
RES010969;2024/09/03;Phone;58;2024/09/06;2;163,63;110
RES010970;2024/09/26;Connected Wholesaler;20;2024/10/03;1;150,82;107
RES010971;2024/09/18;App;77;2024/10/15;1;211,42;109
RES010972;2024/08/21;GDS;223;2024/10/26;1;190,35;104
RES010973;2024/08/03;Velora.com;214;2024/11/01;2;240,64;105
RES010974;2024/10/03;At the hotel;134;2024/11/03;1;141,68;104
RES010975;2024/09/25;App;100;2024/09/27;1;138,57;106
RES010976;2024/09/12;At the hotel;476;2024/09/15;2;144,83;101
RES010977;2024/09/03;Velora.com;27;2024/09/10;1;289,15;108
RES010978;2024/09/15;App;46;2024/09/30;1;162,63;101
RES010979;2024/08/15;Phone;470;2024/09/04;2;177,09;109
RES010980;2024/09/08;At the hotel;372;2024/09/10;1;149,09;101
RES010981;2024/10/25;Phone;165;2024/10/30;2;195,15;106
RES010982;2024/06/13;App;390;2024/10/04;4;168,25;101
RES010983;2024/09/13;GDS;373;2024/09/19;2;141,42;109
RES010984;2024/10/12;At the hotel;467;2024/10/18;3;78;102
RES010985;2024/04/17;App;31;2024/10/30;2;142,5;110
RES010986;2024/08/31;App;166;2024/09/22;2;121,13;102
RES010987;2024/10/17;GDS;425;2024/10/29;1;156,75;108
RES010988;2024/09/18;Phone;207;2024/10/02;2;264,11;104
RES010989;2024/10/23;Connected Wholesaler;407;2024/11/02;2;99,5;107
RES010990;2024/10/17;GDS;478;2024/11/22;1;150,73;106
RES010991;2024/07/26;Connected Wholesaler;53;2024/09/07;2;255,57;107
RES010992;2024/10/26;Phone;471;2024/10/29;3;181,13;103
RES010993;2024/10/17;App;221;2024/10/26;2;228,44;101
RES010994;2024/09/23;Velora.com;324;2024/09/26;1;146,04;106
RES010995;2024/09/18;App;209;2024/10/13;2;164,26;101
RES010996;2024/09/28;At the hotel;279;2024/09/28;2;0;106
RES010997;2024/09/16;GDS;126;2024/09/29;2;133,94;106
RES010998;2024/09/22;Velora.com;404;2024/10/27;1;34,25;109
RES010999;2024/09/23;GDS;345;2024/09/26;1;112,65;108
RES011000;2024/09/24;Phone;315;2024/10/30;1;132,64;103
RES011001;2024/10/21;Velora.com;378;2024/10/31;2;176,31;109
RES011002;2024/09/23;Velora.com;410;2024/10/11;1;131,62;102
RES011003;2024/09/22;App;360;2024/10/05;1;150,05;101
RES011004;2024/08/24;Velora.com;320;2024/09/25;2;272,59;107
RES011005;2024/09/12;Phone;492;2024/09/26;3;159,17;105
RES011006;2024/08/07;Velora.com;349;2024/10/14;2;148,49;102
RES011007;2024/10/26;At the hotel;464;2024/10/27;1;114,8;107
RES011008;2024/08/02;Velora.com;120;2024/10/01;1;34,25;108
RES011009;2024/08/28;GDS;197;2024/10/08;2;204,99;106
RES011010;2024/10/08;At the hotel;30;2024/10/23;1;118,17;101
RES011011;2024/09/28;At the hotel;15;2024/10/29;2;193,94;102
RES011012;2024/09/07;Velora.com;139;2024/09/23;1;60,12;110
RES011013;2024/10/21;At the hotel;139;2024/10/24;2;33,73;108
RES011014;2024/09/29;At the hotel;153;2024/09/30;2;169,52;103
RES011015;2024/10/09;Velora.com;140;2024/10/25;2;168,23;109
RES011016;2024/10/22;At the hotel;273;2024/10/22;2;168,32;108
RES011017;2024/09/18;GDS;396;2024/10/25;1;168,67;101
RES011018;2024/09/20;Velora.com;61;2024/09/22;1;118,07;108
RES011019;2024/10/11;Velora.com;14;2024/10/22;1;145,45;107
RES011020;2024/08/05;Velora.com;167;2024/09/07;1;120,18;108
RES011021;2024/09/03;Velora.com;107;2024/10/26;1;150,59;102
RES011022;2024/09/04;Velora.com;378;2024/09/14;2;147,59;110
RES011023;2024/09/19;At the hotel;159;2024/09/23;1;144,58;102
RES011024;2024/10/01;Velora.com;88;2024/10/12;1;109,12;102
RES011025;2024/09/06;At the hotel;64;2024/09/08;2;168,81;105
RES011026;2024/09/07;GDS;375;2024/09/08;1;4,89;106
RES011027;2024/10/19;At the hotel;314;2024/11/01;1;183,11;109
RES011028;2024/08/24;App;382;2024/10/06;1;193,53;106
RES011029;2024/09/03;GDS;346;2024/09/16;3;192,75;101
RES011030;2024/09/11;Phone;246;2024/09/26;2;176,97;102
RES011031;2024/10/22;Velora.com;179;2024/10/25;1;137,46;106
RES011032;2024/07/05;At the hotel;121;2024/09/29;1;113,35;102
RES011033;2024/08/25;Phone;197;2024/09/11;1;163,85;109
RES011034;2024/09/10;At the hotel;404;2024/09/13;3;124,28;108
RES011035;2024/11/02;App;241;2024/11/02;1;120,41;109
RES011036;2024/10/22;Phone;181;2024/10/25;4;149,09;103
RES011037;2024/08/20;GDS;59;2024/09/24;1;132,53;103
RES011038;2024/09/30;App;108;2024/10/18;2;166,4;109
RES011039;2024/07/17;GDS;368;2024/09/08;2;135,89;101
RES011040;2024/10/13;App;273;2024/10/13;1;127,32;110
RES011041;2024/09/10;Connected Wholesaler;454;2024/10/13;1;134,04;103
RES011042;2024/07/10;Velora.com;226;2024/09/17;3;312,86;108
RES011043;2024/09/17;At the hotel;313;2024/10/18;1;77,37;106
RES011044;2024/09/19;App;179;2024/10/19;1;175,28;110
RES011045;2024/08/31;App;91;2024/10/21;2;156,86;107
RES011046;2024/09/25;App;150;2024/09/26;2;149,1;110
RES011047;2024/09/16;At the hotel;486;2024/09/19;4;132,53;103
RES011048;2024/10/04;Velora.com;247;2024/11/08;1;225,91;103
RES011049;2024/08/22;At the hotel;66;2024/09/26;2;218,07;102
RES011050;2024/09/19;At the hotel;483;2024/09/28;3;0;104
RES011051;2024/09/28;Velora.com;263;2024/09/28;2;120,28;104
RES011052;2024/08/10;GDS;471;2024/10/06;1;236,12;110
RES011053;2024/05/17;GDS;104;2024/10/26;2;195,78;103
RES011054;2024/10/17;At the hotel;81;2024/10/19;1;70,91;108
RES011055;2024/09/09;App;275;2024/09/21;1;138,57;110
RES011056;2024/10/17;At the hotel;286;2024/10/17;2;132,53;109
RES011057;2024/09/24;App;479;2024/10/05;1;243,04;106
RES011058;2024/09/13;Phone;440;2024/10/05;1;134,4;108
RES011059;2024/07/14;Velora.com;193;2024/11/02;3;35,78;105
RES011060;2024/04/24;At the hotel;212;2024/10/04;1;144,58;101
RES011061;2024/10/16;App;361;2024/10/19;1;148,55;103
RES011062;2024/10/03;App;220;2024/10/17;1;225,94;102
RES011063;2024/09/08;At the hotel;236;2024/10/09;1;145,45;107
RES011064;2024/07/22;Velora.com;238;2024/09/24;2;183,11;107
RES011065;2024/10/22;At the hotel;340;2024/10/22;1;84,85;102
RES011066;2024/10/02;At the hotel;159;2024/11/03;3;70,54;103
RES011067;2024/10/19;Velora.com;220;2024/10/19;2;188,55;109
RES011068;2024/10/10;At the hotel;347;2024/11/10;3;222,44;105
RES011069;2024/09/30;At the hotel;457;2024/10/04;2;181,82;106
RES011070;2024/08/29;Velora.com;140;2024/09/27;1;125,99;102
RES011071;2024/09/03;Phone;198;2024/09/15;2;143,97;109
RES011072;2024/09/28;GDS;369;2024/09/29;1;114,46;103
RES011073;2024/10/17;Velora.com;483;2024/10/23;1;275,27;102
RES011074;2024/09/29;App;281;2024/10/03;4;167,02;103
RES011075;2024/09/18;Velora.com;128;2024/09/18;1;203,47;106
RES011076;2024/09/09;GDS;135;2024/09/11;1;149,84;102
RES011077;2024/09/30;At the hotel;32;2024/10/02;1;33,94;105
RES011078;2024/08/27;GDS;370;2024/09/09;2;128,01;101
RES011079;2024/10/02;Velora.com;68;2024/10/07;2;147,71;109
RES011080;2024/09/27;Phone;348;2024/10/05;1;128,91;107
RES011081;2024/10/13;App;154;2024/10/13;2;144,7;109
RES011082;2024/10/01;Velora.com;70;2024/10/02;1;154,21;101
RES011083;2024/10/21;At the hotel;110;2024/10/23;2;190,36;110
RES011084;2024/09/20;Connected Wholesaler;95;2024/09/24;3;109,75;108
RES011085;2024/04/28;Velora.com;301;2024/10/01;3;124,27;107
RES011086;2024/08/23;Velora.com;187;2024/09/04;3;106,86;106
RES011087;2024/10/26;At the hotel;141;2024/11/26;1;149,4;110
RES011088;2024/08/20;Phone;120;2024/09/28;1;174,7;106
RES011089;2024/09/24;GDS;119;2024/09/25;1;187,77;105
RES011090;2024/10/10;Phone;492;2024/10/11;2;109,92;104
RES011091;2024/09/25;GDS;146;2024/10/13;1;182,6;102
RES011092;2024/10/11;App;172;2024/10/16;1;138,55;104
RES011093;2024/08/10;Velora.com;243;2024/09/12;1;247,43;110
RES011094;2024/10/19;Connected Wholesaler;391;2024/11/21;1;91,26;110
RES011095;2024/09/03;Velora.com;397;2024/09/17;1;217,04;106
RES011096;2024/10/12;GDS;373;2024/10/14;2;138,25;105
RES011097;2024/10/06;Velora.com;335;2024/10/15;4;112,65;101
RES011098;2024/09/08;Velora.com;283;2024/09/21;1;114,46;110
RES011099;2024/10/04;Velora.com;130;2024/10/04;1;127,63;108
RES011100;2024/10/18;At the hotel;314;2024/10/21;1;132,79;103
RES011101;2024/10/24;Connected Wholesaler;44;2024/10/25;1;122,56;107
RES011102;2024/07/23;GDS;39;2024/09/30;1;162,65;110
RES011103;2024/10/01;App;308;2024/10/03;2;156,61;105
RES011104;2024/07/15;Connected Wholesaler;477;2024/09/07;1;221,67;105
RES011105;2024/10/19;At the hotel;100;2024/11/21;2;70,48;109
RES011106;2024/10/13;GDS;464;2024/10/22;1;108,18;106
RES011107;2024/10/25;GDS;57;2024/10/29;1;139,39;102
RES011108;2024/08/28;GDS;493;2024/09/10;1;128,79;101
RES011109;2024/10/17;Velora.com;321;2024/10/17;2;167,55;108
RES011110;2024/07/22;App;450;2024/09/12;2;252,48;104
RES011111;2024/09/19;At the hotel;104;2024/10/29;1;0;102
RES011112;2024/08/22;GDS;144;2024/09/16;1;240,94;101
RES011113;2024/09/18;App;142;2024/10/22;1;230,73;105
RES011114;2024/09/18;GDS;418;2024/09/30;1;146,37;110
RES011115;2024/10/03;Velora.com;68;2024/11/03;1;141,68;108
RES011116;2024/09/21;GDS;457;2024/10/02;5;200,65;105
RES011117;2024/05/11;Velora.com;91;2024/09/04;1;264,67;103
RES011118;2024/10/24;GDS;361;2024/10/30;4;177,09;108
RES011119;2024/09/05;At the hotel;423;2024/09/06;2;149,4;101
RES011120;2024/10/04;At the hotel;197;2024/10/05;1;175,87;108
RES011121;2024/10/16;At the hotel;225;2024/11/17;4;125,3;102
RES011122;2024/09/20;Velora.com;184;2024/11/02;3;112,83;109
RES011123;2024/09/07;Phone;192;2024/09/09;1;33,78;107
RES011124;2024/10/15;Phone;165;2024/10/16;2;200,5;102
RES011125;2024/09/20;At the hotel;6;2024/10/14;1;156,62;103
RES011126;2024/09/05;GDS;208;2024/09/09;1;133,13;105
RES011127;2024/10/04;GDS;24;2024/10/09;2;158,73;103
RES011128;2024/04/23;Velora.com;427;2024/09/17;2;353,74;102
RES011129;2024/09/13;At the hotel;103;2024/09/14;3;78;108
RES011130;2024/10/15;Velora.com;317;2024/10/28;3;161,58;108
RES011131;2024/10/14;Velora.com;212;2024/10/26;1;177,04;108
RES011132;2024/08/26;Velora.com;481;2024/09/15;3;185,96;106
RES011133;2024/09/17;Phone;74;2024/10/18;4;114,8;105
RES011134;2024/08/31;Velora.com;168;2024/09/25;2;141,68;103
RES011135;2024/10/22;GDS;240;2024/10/29;3;135,42;110
RES011136;2024/09/19;GDS;323;2024/10/29;3;198,67;107
RES011137;2024/09/28;App;222;2024/10/04;1;115,66;105
RES011138;2024/09/30;GDS;498;2024/10/01;2;133,33;104
RES011139;2024/08/14;At the hotel;89;2024/09/18;2;218,07;105
RES011140;2024/08/11;Phone;322;2024/09/16;3;144,58;106
RES011141;2024/07/17;GDS;387;2024/09/30;5;350,89;108
RES011142;2024/08/22;Velora.com;218;2024/10/01;2;265,11;101
RES011143;2024/09/03;Phone;32;2024/09/11;2;150,6;109
RES011144;2024/10/18;At the hotel;103;2024/10/19;1;54,22;103
RES011145;2024/10/23;GDS;36;2024/10/29;1;107,53;109
RES011146;2024/08/23;Velora.com;58;2024/09/08;2;153,17;102
RES011147;2024/10/10;GDS;292;2024/10/11;3;117,77;107
RES011148;2024/09/23;App;381;2024/10/14;1;181,92;106
RES011149;2024/09/22;App;300;2024/09/30;2;118,09;110
RES011150;2024/09/21;GDS;128;2024/09/26;5;161,21;108
RES011151;2024/10/08;GDS;397;2024/10/15;2;187,99;110
RES011152;2024/08/31;Velora.com;499;2024/09/17;2;172,38;103
RES011153;2024/08/27;Velora.com;441;2024/10/02;1;170,81;110
RES011154;2024/10/31;App;171;2024/11/02;3;108,43;107
RES011155;2024/09/02;App;267;2024/09/07;3;156,75;106
RES011156;2024/09/20;GDS;137;2024/09/25;2;132,53;103
RES011157;2024/08/10;App;217;2024/09/18;1;171,37;102
RES011158;2024/09/14;At the hotel;247;2024/09/16;2;132,53;104
RES011159;2024/10/18;Velora.com;172;2024/10/30;2;164,47;110
RES011160;2024/09/27;Phone;182;2024/10/15;1;157,83;108
RES011161;2024/10/16;At the hotel;173;2024/10/17;3;218,18;106
RES011162;2024/10/14;Phone;95;2024/10/14;1;181,82;106
RES011163;2024/11/02;App;400;2024/11/02;1;156,55;107
RES011164;2024/09/16;At the hotel;457;2024/09/16;1;120,32;103
RES011165;2024/09/27;Velora.com;42;2024/10/07;1;215,44;108
RES011166;2024/08/09;App;376;2024/09/05;3;210,4;102
RES011167;2024/10/21;At the hotel;82;2024/11/23;1;166,26;103
RES011168;2024/06/16;Velora.com;88;2024/09/23;1;34,25;103
RES011169;2024/10/04;GDS;191;2024/10/10;2;102,41;109
RES011170;2024/09/20;Velora.com;296;2024/09/20;1;143,06;104
RES011171;2024/09/17;Connected Wholesaler;427;2024/09/21;3;113,63;102
RES011172;2024/10/21;At the hotel;272;2024/10/22;2;183,2;102
RES011173;2024/09/23;At the hotel;467;2024/09/24;1;166,26;110
RES011174;2024/10/20;Velora.com;136;2024/11/28;2;195,57;101
RES011175;2024/09/01;GDS;139;2024/10/10;2;133,33;105
RES011176;2024/08/25;Velora.com;339;2024/10/10;2;33,78;107
RES011177;2024/09/10;Velora.com;204;2024/09/11;1;148,71;109
RES011178;2024/10/18;GDS;248;2024/10/18;2;156,75;106
RES011179;2024/09/04;App;275;2024/10/07;1;162,65;108
RES011180;2024/10/06;Velora.com;30;2024/10/10;1;186,49;108
RES011181;2024/09/25;At the hotel;208;2024/10/26;1;145,78;108
RES011182;2024/09/21;Velora.com;484;2024/09/21;3;125,9;108
RES011183;2024/10/03;At the hotel;228;2024/10/05;1;0;106
RES011184;2024/09/20;At the hotel;57;2024/09/21;1;213,73;108
RES011185;2024/09/06;GDS;368;2024/09/24;1;192,37;107
RES011186;2024/08/27;GDS;289;2024/09/10;2;163,84;103
RES011187;2024/08/19;GDS;93;2024/09/09;2;132,53;101
RES011189;2024/10/04;Phone;26;2024/10/16;1;244,17;109
RES011190;2024/09/19;GDS;178;2024/11/02;2;138,03;103
RES011191;2024/05/28;App;291;2024/09/27;2;216,41;103
RES011192;2024/10/05;At the hotel;341;2024/11/10;2;132,64;109
RES011193;2024/10/02;At the hotel;484;2024/10/02;3;77,43;106
RES011194;2024/10/08;Phone;323;2024/10/15;1;148,12;106
RES011195;2024/09/18;GDS;406;2024/10/23;1;149,08;104
RES011196;2024/10/05;At the hotel;271;2024/11/12;2;168,67;110
RES011197;2024/10/17;At the hotel;385;2024/10/20;1;70,48;102
RES011198;2024/10/13;Velora.com;19;2024/10/13;1;206,35;108
RES011199;2024/08/04;GDS;317;2024/09/24;3;200,65;106
RES011200;2024/09/26;Velora.com;245;2024/10/02;2;188,66;102
RES011201;2024/09/06;GDS;397;2024/10/22;3;160,24;102
RES011202;2024/09/04;At the hotel;209;2024/09/08;2;48,85;103
RES011203;2024/10/18;GDS;162;2024/10/19;1;97,59;106
RES011204;2024/10/08;Velora.com;258;2024/10/11;4;237,85;110
RES011205;2024/09/20;Velora.com;108;2024/10/10;2;145,33;102
RES011206;2024/10/16;At the hotel;78;2024/11/18;1;192,37;106
RES011207;2024/10/23;Connected Wholesaler;431;2024/10/27;2;129,55;106
RES011208;2024/10/10;GDS;44;2024/10/16;1;116,79;107
RES011209;2024/09/22;Velora.com;427;2024/11/19;1;171,46;106
RES011210;2024/10/17;GDS;194;2024/10/29;1;138,55;102
RES011211;2024/05/10;At the hotel;170;2024/09/25;1;112,05;107
RES011212;2024/08/10;App;91;2024/09/21;3;179,42;101
RES011213;2024/10/04;Velora.com;173;2024/10/25;2;188,12;109
RES011214;2024/09/19;App;397;2024/09/20;1;130,3;110
RES011215;2024/09/05;GDS;201;2024/09/08;1;108,18;101
RES011216;2024/09/25;App;374;2024/10/01;1;162,63;110
RES011217;2024/09/08;GDS;46;2024/10/23;2;130,5;110
RES011218;2024/10/15;At the hotel;319;2024/10/15;2;242,58;103
RES011219;2024/09/16;Phone;409;2024/09/26;3;134,94;106
RES011220;2024/09/29;GDS;9;2024/10/03;1;208,45;103
RES011221;2024/08/18;Velora.com;79;2024/10/16;1;196,36;110
RES011222;2024/10/03;GDS;434;2024/10/09;2;117,89;103
RES011223;2024/10/05;App;24;2024/10/06;1;120,41;106
RES011225;2024/08/24;At the hotel;414;2024/09/07;2;0;106
RES011226;2024/09/10;App;146;2024/10/16;2;184,85;105
RES011227;2024/10/24;GDS;12;2024/10/29;1;186,86;106
RES011228;2024/10/04;Connected Wholesaler;247;2024/11/09;1;106,06;106
RES011229;2024/09/14;At the hotel;337;2024/09/20;1;121,21;101
RES011230;2024/09/20;GDS;108;2024/10/03;3;229,1;109
RES011231;2024/09/30;Phone;258;2024/10/03;1;153,6;107
RES011232;2024/10/27;At the hotel;88;2024/10/29;1;114,21;104
RES011233;2024/10/18;At the hotel;339;2024/10/29;1;224,88;105
RES011234;2024/09/15;GDS;235;2024/09/17;2;151,51;106
RES011235;2024/08/30;Connected Wholesaler;19;2024/09/08;2;90,46;107
RES011236;2024/08/29;Velora.com;400;2024/09/22;3;117,02;103
RES011237;2024/10/24;At the hotel;29;2024/10/25;4;170,98;102
RES011239;2024/10/21;At the hotel;354;2024/10/21;2;0;102
RES011240;2024/10/15;At the hotel;180;2024/10/16;3;62,64;109
RES011241;2024/09/28;Velora.com;405;2024/10/04;1;78,31;107
RES011242;2024/08/31;Velora.com;289;2024/09/13;1;34,25;101
RES011243;2024/09/30;Connected Wholesaler;427;2024/10/03;1;134,81;109
RES011244;2024/09/09;Velora.com;234;2024/11/05;1;169,46;108
RES011245;2024/10/23;Velora.com;490;2024/10/25;1;138,98;103
RES011246;2024/10/09;At the hotel;478;2024/10/11;4;177,11;101
RES011247;2024/08/29;App;165;2024/09/19;5;200,01;105
RES011248;2024/10/01;App;430;2024/10/03;1;171,01;108
RES011249;2024/09/28;Velora.com;178;2024/10/03;4;112,05;110
RES011250;2024/09/08;Velora.com;297;2024/09/09;1;182,77;102
RES011251;2024/04/06;At the hotel;13;2024/10/05;1;98,79;107
RES011252;2024/10/16;At the hotel;111;2024/10/17;1;0;108
RES011253;2024/10/06;GDS;386;2024/10/18;1;231,92;103
RES011254;2024/10/17;Velora.com;301;2024/10/24;2;114,76;107
RES011255;2024/09/23;App;321;2024/09/27;2;134,94;106
RES011256;2024/09/29;At the hotel;431;2024/09/29;1;126,61;103
RES011257;2024/10/11;Connected Wholesaler;357;2024/10/12;1;102,71;108
RES011258;2024/09/01;Velora.com;229;2024/09/25;1;34,25;108
RES011259;2024/08/21;GDS;149;2024/09/21;2;138,55;101
RES011260;2024/08/25;Velora.com;338;2024/09/13;2;190,34;106
RES011261;2024/09/08;GDS;60;2024/09/30;3;138,55;102
RES011262;2024/09/11;At the hotel;373;2024/09/12;2;150,6;106
RES011263;2024/09/07;Velora.com;227;2024/09/10;1;168,45;107
RES011264;2024/10/18;At the hotel;125;2024/10/20;1;78;108
RES011265;2024/08/14;Phone;319;2024/09/09;1;269,3;108
RES011266;2024/10/26;Velora.com;230;2024/10/31;1;112,65;110
RES011267;2024/10/01;GDS;102;2024/10/09;1;117,89;105
RES011268;2024/08/24;At the hotel;131;2024/09/05;2;33,73;108
RES011269;2024/08/23;Velora.com;322;2024/10/09;2;230,22;110
RES011270;2024/09/24;App;373;2024/11/22;1;166,5;107
RES011271;2024/10/22;At the hotel;213;2024/10/25;2;0;103
RES011272;2024/10/05;At the hotel;54;2024/10/15;2;0;107
RES011273;2024/08/30;GDS;482;2024/09/12;1;133,13;108
RES011274;2024/09/08;App;383;2024/09/08;2;138,18;110
RES011275;2024/09/11;Velora.com;58;2024/09/21;2;143,18;105
RES011276;2024/09/26;At the hotel;77;2024/10/03;1;160,53;102
RES011277;2024/09/29;App;239;2024/10/01;5;146,92;107
RES011278;2024/08/26;GDS;433;2024/09/10;2;138,05;101
RES011279;2024/09/27;GDS;397;2024/09/28;1;120,48;103
RES011280;2024/09/06;Phone;323;2024/10/22;2;128,61;106
RES011281;2024/08/16;GDS;84;2024/10/15;1;82,6;105
RES011282;2024/08/08;Velora.com;315;2024/09/04;1;247,19;103
RES011283;2024/09/19;GDS;339;2024/09/26;3;157,57;101
RES011284;2024/10/08;At the hotel;74;2024/10/14;2;141,56;109
RES011285;2024/10/07;At the hotel;461;2024/10/08;2;204,82;105
RES011286;2024/09/26;GDS;359;2024/10/15;4;187,99;106
RES011287;2024/09/13;At the hotel;125;2024/09/13;1;120,48;101
RES011288;2024/09/14;Velora.com;181;2024/09/27;3;156,75;104
RES011289;2024/06/15;Velora.com;259;2024/09/05;2;294,56;110
RES011290;2024/10/19;GDS;412;2024/10/22;2;132,53;110
RES011291;2024/09/06;GDS;330;2024/09/18;3;246,59;106
RES011293;2024/09/19;Velora.com;435;2024/09/19;2;170,98;102
RES011294;2024/09/20;Velora.com;268;2024/10/01;1;219,2;109
RES011295;2024/10/28;At the hotel;243;2024/10/30;3;126,61;108
RES011296;2024/10/01;Velora.com;258;2024/10/07;1;218,14;109
RES011297;2024/09/29;GDS;68;2024/10/03;1;117,74;110
RES011298;2024/10/25;Velora.com;158;2024/10/27;1;141,39;103
RES011299;2024/09/11;Velora.com;442;2024/09/16;2;120,34;107
RES011300;2024/08/28;At the hotel;390;2024/09/08;1;72,29;109
RES011301;2024/08/09;App;494;2024/09/20;3;162,78;101
RES011302;2024/10/07;At the hotel;356;2024/10/10;1;178,7;103
RES011303;2024/08/26;App;154;2024/09/08;3;138,55;107
RES011304;2024/09/19;Velora.com;39;2024/10/08;2;158,6;102
RES011305;2024/09/23;Connected Wholesaler;104;2024/09/27;2;76,04;110
RES011306;2024/09/12;App;172;2024/09/16;1;122,13;101
RES011307;2024/09/02;App;453;2024/09/26;3;225,37;104
RES011308;2024/09/14;App;420;2024/09/19;1;210,13;106
RES011309;2024/10/04;Velora.com;371;2024/10/14;1;192,75;105
RES011310;2024/10/11;At the hotel;45;2024/10/14;2;33,73;104
RES011311;2024/09/23;Other;38;2024/09/29;1;116,87;106
RES011312;2024/09/14;Velora.com;470;2024/10/24;1;35,73;107
RES011313;2024/06/25;GDS;382;2024/09/06;3;227,1;103
RES011314;2024/09/26;Phone;43;2024/09/29;1;128,91;102
RES011315;2024/09/05;At the hotel;50;2024/09/07;2;70,48;109
RES011316;2024/09/16;At the hotel;206;2024/09/17;1;63,03;107
RES011317;2024/10/05;Velora.com;52;2024/10/11;3;105,42;101
RES011318;2024/09/30;At the hotel;94;2024/10/06;2;34,2;110
RES011319;2024/08/31;Velora.com;224;2024/09/06;2;188,46;109
RES011320;2024/10/27;At the hotel;351;2024/10/27;1;118,8;103
RES011321;2024/09/30;At the hotel;409;2024/10/17;3;310,3;105
RES011322;2024/09/30;Velora.com;127;2024/09/30;2;129,99;105
RES011323;2024/08/26;GDS;312;2024/10/02;1;102,49;108
RES011324;2024/09/11;GDS;119;2024/09/17;2;154,54;103
RES011325;2024/09/30;At the hotel;198;2024/10/01;1;168,32;104
RES011326;2024/08/29;GDS;343;2024/10/14;1;228,61;106
RES011327;2024/07/25;GDS;330;2024/09/14;1;170,91;108
RES011328;2024/09/07;Velora.com;346;2024/09/25;2;0;101
RES011329;2024/09/29;At the hotel;369;2024/10/05;1;70,54;107
RES011330;2024/07/29;GDS;159;2024/10/03;1;147,11;106
RES011331;2024/09/18;Phone;48;2024/10/01;2;122,88;103
RES011332;2024/07/19;Velora.com;232;2024/09/07;3;103,13;104
RES011333;2024/09/19;Velora.com;396;2024/09/25;2;210,09;101
RES011334;2024/10/07;Velora.com;463;2024/11/08;2;153,48;106
RES011335;2024/08/06;GDS;30;2024/09/14;2;130,12;105
RES011336;2024/10/11;Velora.com;300;2024/11/02;2;178,48;106
RES011337;2024/09/22;At the hotel;26;2024/09/22;3;63,25;103
RES011338;2024/09/29;Velora.com;220;2024/10/14;1;290,77;108
RES011339;2024/07/18;Velora.com;328;2024/10/10;1;118,18;101
RES011340;2024/10/20;Phone;463;2024/10/20;5;112,74;103
RES011341;2024/10/16;Velora.com;437;2024/10/28;3;199,56;107
RES011342;2024/08/15;GDS;479;2024/09/17;2;207,39;101
RES011343;2024/08/30;Connected Wholesaler;421;2024/09/18;1;196,97;102
RES011344;2024/10/18;At the hotel;290;2024/10/19;1;33,94;108
RES011345;2024/08/18;Velora.com;490;2024/10/07;1;33,78;110
RES011346;2024/09/12;App;453;2024/09/13;1;138,55;105
RES011347;2024/10/13;App;389;2024/10/13;1;117,47;103
RES011348;2024/08/14;GDS;298;2024/09/22;3;175,08;102
RES011349;2024/09/01;App;90;2024/10/09;2;242,86;109
RES011350;2024/09/09;Velora.com;195;2024/10/30;3;198,67;107
RES011351;2024/09/27;Phone;483;2024/10/04;2;157,83;101
RES011352;2024/10/26;Velora.com;247;2024/10/29;2;150;101
RES011353;2024/10/15;GDS;201;2024/11/16;3;163,63;107
RES011354;2024/09/29;Velora.com;248;2024/09/30;1;147,28;106
RES011355;2024/09/17;Phone;369;2024/10/10;2;132,53;108
RES011356;2024/09/27;Velora.com;334;2024/11/01;5;59,34;108
RES011357;2024/10/15;At the hotel;363;2024/10/15;3;187,95;103
RES011358;2024/09/27;GDS;88;2024/10/27;1;128,79;101
RES011359;2023/10/20;Velora.com;328;2024/09/26;3;184,19;105
RES011360;2024/10/18;Connected Wholesaler;285;2024/10/26;1;104,68;109
RES011361;2024/10/11;Velora.com;354;2024/10/11;4;112,74;102
RES011362;2024/09/14;Velora.com;321;2024/10/02;2;194,87;106
RES011363;2024/10/12;GDS;400;2024/10/24;1;152,66;109
RES011364;2024/09/04;At the hotel;398;2024/09/06;2;149,4;103
RES011365;2024/09/11;GDS;245;2024/09/11;2;82,6;105
RES011366;2024/09/13;At the hotel;334;2024/10/20;1;216,86;102
RES011367;2024/09/15;At the hotel;178;2024/09/19;2;132,53;107
RES011368;2024/08/25;Phone;132;2024/10/12;2;192,51;102
RES011369;2024/09/03;GDS;373;2024/10/22;2;224,07;106
RES011370;2024/09/02;GDS;306;2024/10/19;2;150,59;106
RES011371;2024/06/26;At the hotel;191;2024/10/01;1;188,54;104
RES011372;2024/10/03;Connected Wholesaler;39;2024/10/03;2;95,78;103
RES011373;2024/10/09;At the hotel;323;2024/10/10;2;114,8;108
RES011375;2024/10/11;Velora.com;53;2024/11/11;1;130,36;104
RES011376;2024/08/21;Velora.com;97;2024/09/23;2;324,24;101
RES011377;2024/08/18;Phone;72;2024/09/20;2;176,58;107
RES011378;2024/10/26;GDS;423;2024/10/29;2;151,51;110
RES011379;2024/09/08;Velora.com;12;2024/09/09;2;134,4;110
RES011380;2024/10/03;App;456;2024/10/15;5;187,47;103
RES011381;2024/09/18;Velora.com;266;2024/10/14;1;143,62;101
RES011382;2024/09/12;GDS;176;2024/09/29;1;141,8;101
RES011383;2024/08/14;GDS;88;2024/09/11;4;156,62;101
RES011384;2024/09/07;Phone;41;2024/09/16;1;228,44;103
RES011385;2024/10/24;GDS;284;2024/11/28;1;148,18;110
RES011386;2024/10/26;App;196;2024/10/27;3;174,33;103
RES011387;2024/10/02;At the hotel;424;2024/10/02;3;0;108
RES011388;2024/10/09;Connected Wholesaler;419;2024/10/23;2;94,22;109
RES011389;2024/10/19;Velora.com;157;2024/10/24;3;141,68;105
RES011390;2024/10/22;Velora.com;236;2024/10/22;1;294,78;110
RES011391;2024/10/15;Phone;319;2024/11/03;1;216,36;108
RES011392;2024/09/23;At the hotel;236;2024/10/06;1;113,94;101
RES011393;2024/10/02;GDS;280;2024/10/06;3;99,39;101
RES011394;2024/09/21;Velora.com;47;2024/10/27;3;122,99;110
RES011395;2024/09/02;At the hotel;269;2024/09/03;1;168,32;105
RES011396;2024/08/18;App;200;2024/09/13;3;243,05;102
RES011397;2024/09/06;Phone;61;2024/09/21;1;188,62;110
RES011398;2024/08/17;Phone;182;2024/10/01;1;59,34;110
RES011399;2024/09/19;Connected Wholesaler;404;2024/10/14;2;153,74;108
RES011400;2024/10/06;App;166;2024/10/12;2;128,91;103
RES011401;2024/09/19;At the hotel;279;2024/09/21;1;187,7;109
RES011402;2024/09/03;App;63;2024/09/19;2;174,35;102
RES011403;2024/09/14;Velora.com;273;2024/10/01;1;143,03;101
RES011404;2024/08/29;GDS;339;2024/10/16;1;210,15;103
RES011405;2024/10/13;GDS;495;2024/10/28;1;117,77;109
RES011406;2024/08/07;At the hotel;427;2024/10/28;1;156,62;105
RES011407;2024/09/02;At the hotel;303;2024/09/08;1;70,54;104
RES011408;2024/09/07;GDS;111;2024/09/11;2;133,94;105
RES011409;2024/10/07;Velora.com;222;2024/10/15;1;112,65;109
RES011410;2024/09/06;At the hotel;136;2024/09/08;1;0;103
RES011411;2024/09/20;Velora.com;333;2024/09/25;3;211,36;102
RES011412;2024/09/18;App;348;2024/10/01;1;213,73;110
RES011413;2024/07/31;GDS;313;2024/10/21;4;192,75;108
RES011414;2024/09/09;GDS;56;2024/09/21;1;132,52;109
RES011415;2024/09/05;At the hotel;35;2024/09/05;2;124,71;103
RES011416;2024/09/11;Velora.com;13;2024/09/15;3;147,28;104
RES011417;2024/09/06;GDS;69;2024/09/10;1;143,37;107
RES011418;2024/08/03;GDS;62;2024/09/17;1;174,09;101
RES011419;2024/08/21;Phone;187;2024/10/07;1;170,86;102
RES011420;2024/08/14;GDS;149;2024/10/07;2;154,54;105
RES011421;2024/08/03;At the hotel;285;2024/10/02;1;105,42;101
RES011422;2024/10/02;Velora.com;196;2024/10/05;1;33,99;110
RES011423;2024/10/17;Phone;4;2024/10/30;1;258,62;108
RES011424;2024/09/13;Velora.com;232;2024/09/18;1;211,02;110
RES011425;2024/05/30;At the hotel;500;2024/10/15;4;112,05;108
RES011426;2024/05/06;GDS;408;2024/09/18;1;252,68;105
RES011427;2024/10/19;At the hotel;80;2024/10/20;2;120;104
RES011428;2024/08/17;Velora.com;490;2024/09/25;1;156,62;109
RES011429;2024/10/15;At the hotel;50;2024/10/17;1;70,48;108
RES011430;2024/08/18;GDS;329;2024/10/03;3;128,84;110
RES011431;2024/09/14;Velora.com;468;2024/10/23;3;129,88;103
RES011432;2024/10/11;GDS;143;2024/10/15;1;117,77;105
RES011434;2024/04/27;Velora.com;267;2024/10/05;2;121,68;107
RES011435;2024/09/26;Velora.com;420;2024/11/01;1;153,6;103
RES011436;2024/10/04;At the hotel;393;2024/10/10;1;168,67;103
RES011437;2024/09/29;Phone;137;2024/10/03;1;151,03;109
RES011438;2024/10/29;Velora.com;231;2024/10/29;2;151,51;109
RES011439;2024/08/28;GDS;476;2024/09/24;3;200,45;103
RES011440;2024/09/09;GDS;10;2024/09/13;1;130,68;104
RES011441;2024/08/25;Phone;310;2024/09/19;1;114,11;107
RES011442;2024/09/17;At the hotel;332;2024/09/18;2;189,36;109
RES011443;2024/09/22;App;363;2024/09/22;1;143,37;108
RES011444;2024/10/19;Velora.com;296;2024/10/25;2;181,08;102
RES011445;2024/09/04;Connected Wholesaler;433;2024/09/08;2;96,69;107
RES011446;2024/09/27;At the hotel;238;2024/10/11;1;81,92;107
RES011447;2024/09/26;GDS;32;2024/09/30;1;128,91;106
RES011448;2024/10/23;GDS;272;2024/10/25;3;137,46;107
RES011449;2024/10/11;At the hotel;440;2024/10/16;2;151,8;101
RES011450;2024/08/31;Velora.com;174;2024/09/24;1;194,8;106
RES011451;2024/08/03;Connected Wholesaler;465;2024/09/25;1;169,46;101
RES011452;2024/09/23;At the hotel;368;2024/09/25;1;190,36;103
RES011453;2024/09/21;App;291;2024/09/21;5;141,73;104
RES011454;2024/09/12;GDS;105;2024/10/15;2;120,48;109
RES011455;2024/08/30;GDS;97;2024/09/15;2;108,01;101
RES011456;2024/09/25;GDS;48;2024/10/09;1;141,73;107
RES011457;2024/09/28;Velora.com;424;2024/10/04;1;228,61;108
RES011458;2024/10/07;GDS;478;2024/10/14;2;168,45;105
RES011459;2024/09/27;GDS;3;2024/10/02;1;126,95;106
RES011460;2024/10/13;At the hotel;365;2024/10/23;3;0;108
RES011461;2024/10/23;GDS;472;2024/10/31;1;171,51;110
RES011462;2024/09/25;Velora.com;261;2024/09/27;2;120,48;102
RES011463;2024/08/28;Velora.com;431;2024/09/27;4;157,93;102
RES011464;2024/09/28;At the hotel;288;2024/10/05;1;211,92;105
RES011465;2024/10/19;At the hotel;490;2024/10/24;3;113,57;104
RES011466;2024/09/10;GDS;484;2024/09/18;3;112,05;103
RES011467;2024/09/28;At the hotel;323;2024/10/01;1;70,48;106
RES011468;2024/10/09;GDS;13;2024/10/23;1;253,51;106
RES011469;2024/09/07;GDS;479;2024/10/07;1;164,88;110
RES011471;2024/10/16;App;265;2024/10/19;2;120,48;110
RES011472;2024/10/02;Phone;438;2024/10/09;3;206,02;104
RES011473;2024/09/16;Phone;182;2024/09/29;2;163,99;110
RES011474;2024/09/24;At the hotel;202;2024/09/28;2;149,4;106
RES011475;2024/10/08;Velora.com;73;2024/10/10;1;177,09;106
RES011476;2024/09/09;App;269;2024/09/15;1;264,08;106
RES011477;2024/09/04;At the hotel;281;2024/09/06;1;149,4;104
RES011478;2024/09/25;Velora.com;30;2024/10/05;2;116,96;102
RES011479;2024/09/28;At the hotel;195;2024/10/02;1;545,02;106
RES011480;2024/09/05;Velora.com;234;2024/09/13;1;114,53;104
RES011481;2024/09/14;App;354;2024/10/04;2;164,88;107
RES011482;2024/10/14;Velora.com;408;2024/10/19;2;129,63;107
RES011483;2024/10/11;GDS;186;2024/10/21;2;162,78;101
RES011484;2024/09/07;At the hotel;183;2024/09/09;3;228,61;105
RES011485;2024/08/26;App;86;2024/09/10;1;100,96;103
RES011486;2024/09/21;Velora.com;500;2024/09/22;2;133,73;102
RES011487;2024/06/21;Phone;404;2024/10/17;1;141,61;107
RES011488;2024/09/28;At the hotel;316;2024/10/01;1;126,61;108
RES011489;2024/10/14;At the hotel;101;2024/10/18;1;132,53;108
RES011490;2024/10/10;Velora.com;14;2024/10/14;1;120,25;106
RES011491;2024/09/29;App;91;2024/10/24;1;235,13;105
RES011492;2024/08/02;GDS;120;2024/10/04;1;163,63;108
RES011493;2024/08/18;Velora.com;57;2024/10/20;1;33,78;101
RES011494;2024/10/09;Phone;130;2024/10/22;3;133,33;102
RES011495;2024/08/14;Velora.com;301;2024/10/10;3;339,45;107
RES011496;2024/10/01;GDS;497;2024/11/02;3;230,3;108
RES011497;2024/08/26;Velora.com;311;2024/10/01;1;183,2;103
RES011498;2024/09/30;App;275;2024/10/16;1;176,05;105
RES011499;2024/09/24;Phone;27;2024/09/30;3;143,95;102
RES011500;2024/09/24;Velora.com;196;2024/09/24;3;132,14;102
RES011501;2024/09/07;Velora.com;357;2024/09/09;2;193,96;108
RES011502;2024/10/05;At the hotel;273;2024/10/07;4;162,65;106
RES011503;2024/08/14;GDS;427;2024/09/13;3;128,66;105
RES011504;2024/09/24;At the hotel;51;2024/09/24;2;120,58;102
RES011505;2024/07/15;Velora.com;426;2024/09/13;1;253,32;108
RES011506;2024/10/05;GDS;160;2024/10/09;2;153,29;110
RES011507;2024/08/29;GDS;399;2024/09/17;2;236,74;105
RES011508;2024/10/21;At the hotel;486;2024/10/29;2;77,43;107
RES011509;2024/10/17;At the hotel;243;2024/10/18;1;77,37;106
RES011510;2024/09/28;At the hotel;71;2024/10/05;2;33,73;104
RES011511;2024/08/26;Velora.com;53;2024/10/12;1;246,08;108
RES011512;2024/09/25;GDS;311;2024/11/01;3;122,13;108
RES011513;2024/08/28;GDS;179;2024/09/05;1;253,82;110
RES011514;2024/09/27;At the hotel;2;2024/09/28;2;80,12;104
RES011515;2024/10/24;At the hotel;188;2024/10/24;2;115,15;106
RES011516;2024/09/05;At the hotel;454;2024/09/07;2;175,87;102
RES011517;2024/10/06;At the hotel;278;2024/10/25;1;72,28;108
RES011518;2024/10/16;Connected Wholesaler;118;2024/10/17;1;137,35;109
RES011519;2024/09/24;Velora.com;59;2024/10/20;1;107,52;109
RES011520;2024/09/29;GDS;143;2024/10/30;1;118,48;108
RES011521;2024/07/24;Velora.com;96;2024/10/14;2;196;110
RES011522;2024/09/06;Velora.com;160;2024/09/09;3;110,48;101
RES011523;2024/10/24;At the hotel;337;2024/10/25;1;180,48;104
RES011524;2024/10/18;Connected Wholesaler;10;2024/10/18;3;250,78;102
RES011525;2024/09/20;GDS;407;2024/10/23;1;132,53;107
RES011526;2024/08/02;GDS;7;2024/09/05;2;200,16;103
RES011527;2024/09/23;Velora.com;413;2024/09/24;4;171,94;105
RES011528;2024/09/05;GDS;324;2024/09/08;2;98,5;107
RES011529;2024/08/07;At the hotel;396;2024/09/11;3;228,91;101
RES011530;2024/10/02;Velora.com;221;2024/10/02;2;120,48;105
RES011531;2024/08/29;Velora.com;17;2024/10/24;1;102,22;105
RES011532;2024/10/06;At the hotel;307;2024/10/31;1;141,55;101
RES011533;2024/10/22;Phone;183;2024/10/28;1;135,05;101
RES011534;2024/09/24;At the hotel;391;2024/10/07;3;0;108
RES011535;2024/10/31;App;151;2024/11/02;1;124,94;104
RES011536;2024/09/27;GDS;328;2024/10/15;2;120,58;107
RES011537;2024/10/05;At the hotel;101;2024/10/09;2;244,26;106
RES011538;2024/08/11;App;357;2024/09/06;2;145,78;101
RES011539;2024/04/02;Velora.com;133;2024/09/10;2;290,67;110
RES011540;2024/03/06;App;3;2024/10/06;3;120,23;110
RES011541;2024/08/27;Velora.com;84;2024/10/01;1;183,16;108
RES011542;2024/10/04;Phone;85;2024/10/26;1;198,38;110
RES011543;2024/08/02;Phone;370;2024/09/29;1;156,61;110
RES011544;2024/09/21;Velora.com;325;2024/09/24;1;161,44;102
RES011545;2024/10/09;At the hotel;360;2024/10/14;4;145,48;106
RES011546;2024/09/14;At the hotel;277;2024/10/14;2;72,35;101
RES011547;2024/10/10;At the hotel;364;2024/10/15;2;0;108
RES011548;2024/09/14;Velora.com;134;2024/10/15;1;171,29;102
RES011549;2024/09/26;GDS;36;2024/10/14;2;120,58;104
RES011550;2024/09/05;App;476;2024/09/05;1;174,33;105
RES011551;2024/10/24;App;199;2024/11/25;1;120,48;110
RES011552;2024/08/24;Connected Wholesaler;12;2024/09/12;2;163,19;105
RES011553;2024/10/08;Velora.com;333;2024/10/11;3;125,89;105
RES011554;2024/08/21;Velora.com;75;2024/09/15;2;151,26;110
RES011556;2024/09/12;GDS;89;2024/09/24;1;221,99;104
RES011557;2024/09/11;Velora.com;135;2024/09/15;3;137,48;102
RES011558;2024/08/29;Velora.com;340;2024/09/13;1;72,01;103
RES011559;2024/09/26;Velora.com;476;2024/09/26;3;33,99;104
RES011560;2024/08/20;GDS;256;2024/09/12;4;111,18;105
RES011561;2024/09/04;GDS;407;2024/10/06;1;198,38;106
RES011562;2024/07/26;GDS;234;2024/10/20;1;168,66;103
RES011563;2024/09/13;Velora.com;96;2024/10/06;1;103,13;106
RES011564;2024/10/15;At the hotel;63;2024/10/17;3;132,64;105
RES011565;2024/09/11;App;248;2024/09/11;1;183,73;102
RES011566;2024/10/04;At the hotel;44;2024/10/05;2;33,66;104
RES011567;2024/09/11;Velora.com;147;2024/09/13;1;172,85;102
RES011568;2024/08/26;App;24;2024/10/11;1;140,45;109
RES011569;2024/09/26;At the hotel;288;2024/09/27;4;0;104
RES011570;2024/09/12;GDS;67;2024/10/15;3;162,63;101
RES011571;2024/09/25;Connected Wholesaler;62;2024/09/26;1;159,99;104
RES011572;2024/08/05;GDS;263;2024/10/28;1;132,53;110
RES011573;2024/08/24;At the hotel;268;2024/09/07;1;69,28;104
RES011574;2024/08/28;Velora.com;121;2024/09/10;1;131,29;110
RES011575;2024/10/13;Phone;74;2024/10/21;2;172,2;103
RES011576;2024/09/15;GDS;24;2024/10/17;4;108,43;107
RES011577;2024/09/23;At the hotel;398;2024/10/14;2;144,58;110
RES011578;2024/09/20;Velora.com;395;2024/10/13;1;122,03;107
RES011579;2024/04/18;App;110;2024/10/31;4;142,5;108
RES011580;2024/09/16;App;186;2024/09/20;1;168,98;109
RES011581;2024/09/03;GDS;110;2024/10/02;2;160,3;101
RES011582;2024/09/07;Connected Wholesaler;348;2024/09/21;4;114,63;105
RES011583;2024/09/20;App;233;2024/09/21;1;174,09;107
RES011584;2024/08/26;Phone;305;2024/09/27;2;115,66;107
RES011585;2024/07/07;GDS;235;2024/09/10;1;130,5;107
RES011586;2024/10/11;App;471;2024/10/11;1;132,52;104
RES011587;2024/08/21;GDS;49;2024/09/03;3;148,49;103
RES011588;2024/10/24;App;398;2024/10/28;2;109,5;105
RES011589;2024/10/25;At the hotel;357;2024/10/25;1;149,4;109
RES011590;2024/10/11;GDS;486;2024/10/16;4;164,88;103
RES011591;2024/10/06;Velora.com;162;2024/10/09;2;188,47;106
RES011592;2024/09/07;Phone;204;2024/09/16;1;212,52;108
RES011593;2024/10/02;Velora.com;275;2024/10/03;4;165,44;104
RES011594;2024/09/23;App;252;2024/09/29;1;145,99;108
RES011595;2024/10/28;App;426;2024/11/01;1;135,79;105
RES011596;2024/08/22;GDS;75;2024/09/09;2;137,83;108
RES011597;2024/09/05;GDS;391;2024/10/21;3;228,89;109
RES011598;2024/09/08;At the hotel;418;2024/10/14;1;72,28;110
RES011599;2024/07/27;GDS;450;2024/10/03;1;190,34;110
RES011600;2024/10/04;At the hotel;262;2024/10/16;2;33,73;110
RES011601;2024/09/17;Connected Wholesaler;312;2024/09/29;1;87,65;106
RES011602;2024/08/20;Connected Wholesaler;56;2024/10/23;5;134,92;103
RES011603;2024/07/31;GDS;320;2024/09/17;1;198,78;110
RES011604;2024/10/24;At the hotel;479;2024/10/25;2;150,59;106
RES011605;2024/09/15;Velora.com;280;2024/09/27;2;109,12;104
RES011606;2024/07/24;Phone;33;2024/10/28;2;33,81;102
RES011607;2024/10/08;GDS;161;2024/10/31;1;102,41;108
RES011608;2024/07/19;GDS;331;2024/09/25;2;150,4;102
RES011609;2024/09/05;App;99;2024/09/11;1;127,97;110
RES011610;2024/10/09;App;42;2024/10/13;1;101,41;107
RES011611;2024/10/26;GDS;221;2024/10/30;2;152,66;106
RES011612;2024/10/16;At the hotel;255;2024/10/18;2;168,66;105
RES011613;2024/09/13;GDS;1;2024/10/20;1;257,96;105
RES011614;2024/08/11;GDS;489;2024/09/17;1;82,6;105
RES011615;2024/07/20;GDS;362;2024/10/15;2;118,79;107
RES011616;2024/09/15;At the hotel;390;2024/09/18;1;77,43;110
RES011617;2024/08/20;App;309;2024/09/27;1;157,57;104
RES011618;2024/09/21;Velora.com;185;2024/10/19;1;165,62;109
RES011619;2024/08/12;GDS;280;2024/09/05;3;153,94;107
RES011620;2024/09/06;GDS;351;2024/10/10;1;160,91;102
RES011621;2024/10/11;GDS;191;2024/10/20;2;111,18;108
RES011622;2024/09/17;At the hotel;391;2024/09/18;2;0;110
RES011623;2024/09/03;At the hotel;153;2024/09/03;1;168,32;104
RES011624;2024/10/20;Velora.com;390;2024/10/26;3;127,74;108
RES011625;2024/10/08;Phone;233;2024/10/28;3;192,51;107
RES011626;2024/09/02;GDS;235;2024/09/21;1;126,49;104
RES011627;2024/09/26;Velora.com;379;2024/10/18;2;143,79;107
RES011628;2024/10/16;Velora.com;223;2024/11/18;1;33,78;105
RES011629;2024/09/02;Phone;472;2024/09/26;1;207,79;107
RES011630;2024/09/03;GDS;442;2024/10/30;2;164,88;102
RES011631;2024/09/20;Phone;37;2024/09/25;1;145,9;107
RES011632;2024/09/10;GDS;445;2024/09/20;1;150,59;104
RES011633;2024/08/22;GDS;432;2024/09/28;2;188,61;106
RES011634;2024/10/09;Velora.com;379;2024/10/14;1;190,95;103
RES011635;2024/09/18;Velora.com;329;2024/09/20;1;100,24;109
RES011636;2024/09/24;GDS;452;2024/11/09;2;162,43;103
RES011637;2024/10/02;At the hotel;222;2024/11/04;5;156,61;101
RES011638;2024/10/09;GDS;332;2024/10/15;1;132,53;105
RES011639;2024/09/03;Velora.com;142;2024/09/07;1;138,18;102
RES011640;2024/09/26;Velora.com;309;2024/10/27;2;103,03;103
RES011641;2024/08/02;Connected Wholesaler;120;2024/09/04;1;249,77;104
RES011642;2024/07/10;GDS;447;2024/10/18;1;147,11;110
RES011643;2024/09/07;App;463;2024/10/05;2;174,33;106
RES011644;2024/07/24;Phone;78;2024/10/14;1;152,52;109
RES011645;2024/10/03;At the hotel;149;2024/10/09;3;70,48;108
RES011646;2024/10/24;At the hotel;336;2024/10/25;1;151,51;109
RES011647;2024/09/19;Velora.com;197;2024/10/07;1;255,34;103
RES011648;2024/07/07;GDS;218;2024/10/02;3;306,24;105
RES011649;2024/09/25;GDS;429;2024/09/30;2;133,12;106
RES011650;2024/09/23;Velora.com;210;2024/09/23;1;165,28;108
RES011651;2024/09/27;Connected Wholesaler;384;2024/10/23;2;238,14;102
RES011652;2024/09/06;At the hotel;74;2024/09/07;1;189,3;105
RES011653;2024/07/31;App;469;2024/09/12;2;169,4;104
RES011654;2024/10/03;GDS;458;2024/10/07;2;181,82;106
RES011655;2024/10/17;App;393;2024/11/18;1;81,32;107
RES011656;2024/10/19;At the hotel;85;2024/10/21;3;153,88;110
RES011657;2024/09/05;At the hotel;324;2024/09/07;2;198,53;105
RES011658;2024/09/04;At the hotel;402;2024/09/12;2;135,76;105
RES011659;2024/10/09;Connected Wholesaler;498;2024/10/10;3;124,54;102
RES011660;2024/07/22;App;366;2024/10/18;3;228,38;103
RES011661;2024/09/22;Phone;260;2024/10/19;1;162,78;103
RES011662;2024/10/13;App;269;2024/10/20;1;149,68;105
RES011663;2024/09/25;GDS;174;2024/10/03;2;193,26;105
RES011664;2024/10/27;GDS;111;2024/10/31;3;140,17;104
RES011665;2024/08/22;GDS;390;2024/10/07;1;151,51;107
RES011666;2024/10/26;GDS;261;2024/10/29;1;114,19;101
RES011667;2024/07/28;Velora.com;20;2024/10/02;1;134,34;102
RES011668;2024/10/20;At the hotel;307;2024/10/20;1;0;102
RES011669;2024/10/08;At the hotel;329;2024/11/09;1;77,43;101
RES011670;2024/09/11;Phone;40;2024/09/12;3;128,55;109
RES011671;2024/10/27;GDS;247;2024/11/01;1;126,49;101
RES011672;2024/08/22;GDS;114;2024/09/12;1;177,09;104
RES011673;2024/09/30;Velora.com;415;2024/10/12;1;177,55;106
RES011674;2024/09/20;Velora.com;79;2024/09/23;1;157,04;102
RES011675;2024/10/06;Velora.com;104;2024/10/15;2;229,93;105
RES011676;2024/11/02;Connected Wholesaler;293;2024/11/02;2;64,69;108
RES011677;2024/08/04;At the hotel;221;2024/09/04;1;72,29;101
RES011678;2024/08/14;GDS;391;2024/09/23;4;108,43;104
RES011679;2024/08/11;Velora.com;96;2024/09/10;1;164,77;102
RES011680;2024/09/14;At the hotel;129;2024/09/17;1;207,62;108
RES011681;2024/10/01;At the hotel;72;2024/10/01;1;77,43;109
RES011682;2024/08/18;Phone;138;2024/09/18;2;183,2;106
RES011683;2024/09/27;GDS;106;2024/10/03;2;171,19;101
RES011684;2024/08/27;Phone;269;2024/09/29;2;157,57;106
RES011685;2024/09/19;App;259;2024/09/22;1;111,31;105
RES011686;2024/08/21;GDS;261;2024/09/12;2;173,49;103
RES011687;2024/09/21;Velora.com;289;2024/09/24;2;132,14;107
RES011688;2024/09/13;App;153;2024/09/21;2;151,51;101
RES011689;2024/10/25;Phone;203;2024/10/29;2;132,94;105
RES011690;2024/10/19;GDS;415;2024/10/30;1;158,76;101
RES011691;2024/10/08;GDS;433;2024/11/09;1;128,74;110
RES011692;2024/10/05;At the hotel;174;2024/10/10;1;78,59;106
RES011693;2024/02/17;Velora.com;13;2024/09/12;1;202,41;108
RES011694;2024/09/18;Velora.com;384;2024/10/15;1;191,34;103
RES011695;2024/09/07;At the hotel;327;2024/09/13;2;168,67;103
RES011696;2024/10/05;At the hotel;244;2024/10/06;2;162,65;105
RES011697;2024/09/12;Velora.com;126;2024/09/19;1;97,29;104
RES011698;2024/09/28;App;430;2024/09/29;2;144,75;109
RES011699;2024/09/15;GDS;233;2024/09/26;2;138,78;107
RES011700;2024/10/20;GDS;429;2024/10/23;1;200,29;103
RES011701;2024/09/07;At the hotel;445;2024/09/14;1;168,67;104
RES011702;2024/10/18;Phone;460;2024/10/19;2;152,66;108
RES011703;2024/08/21;GDS;46;2024/10/10;2;172,97;110
RES011704;2024/10/03;Velora.com;308;2024/10/14;1;183,95;102
RES011705;2024/09/27;App;296;2024/10/06;2;109,04;102
RES011706;2024/09/06;GDS;110;2024/09/11;1;154,54;106
RES011707;2024/10/23;Phone;103;2024/10/24;2;144,7;103
RES011708;2024/10/02;At the hotel;415;2024/10/03;3;62,65;109
RES011709;2024/08/02;App;498;2024/09/26;2;212,36;101
RES011710;2024/10/14;Phone;157;2024/10/22;2;146,99;105
RES011711;2024/09/13;Velora.com;267;2024/09/16;1;162,31;106
RES011712;2024/09/21;Velora.com;142;2024/09/28;1;34,25;108
RES011713;2024/08/20;GDS;302;2024/09/04;1;181,82;103
RES011714;2024/10/24;Velora.com;459;2024/10/24;1;220,6;110
RES011715;2024/10/29;Phone;64;2024/11/30;1;139,76;106
RES011716;2024/07/30;Velora.com;345;2024/09/04;1;366,7;105
RES011717;2024/09/25;At the hotel;394;2024/10/17;1;72,29;106
RES011718;2024/10/07;At the hotel;433;2024/10/09;1;111,18;105
RES011719;2024/09/16;Velora.com;19;2024/10/16;3;130,11;107
RES011720;2024/10/14;At the hotel;385;2024/10/18;2;34,2;102
RES011721;2024/07/31;App;255;2024/09/24;1;252,99;106
RES011722;2024/08/27;GDS;479;2024/10/10;1;215,71;110
RES011723;2024/09/30;Velora.com;83;2024/10/01;1;185,52;102
RES011724;2024/10/03;Velora.com;282;2024/10/26;1;108,52;106
RES011725;2024/09/07;Velora.com;410;2024/09/24;1;165,19;103
RES011726;2024/10/03;At the hotel;490;2024/10/04;2;156,61;103
RES011727;2024/10/04;GDS;109;2024/10/17;3;192,75;109
RES011728;2024/07/15;Velora.com;333;2024/10/07;1;112,14;108
RES011729;2024/10/21;GDS;439;2024/10/28;1;169,15;107
RES011730;2024/09/07;Velora.com;463;2024/09/13;1;146,08;107
RES011731;2024/09/09;App;437;2024/10/10;1;213,71;101
RES011732;2024/10/15;Velora.com;296;2024/11/01;3;148,78;110
RES011733;2024/09/07;Velora.com;68;2024/10/12;1;152,93;107
RES011734;2024/10/15;At the hotel;188;2024/10/16;1;215,64;106
RES011735;2024/08/21;GDS;263;2024/09/05;2;184,12;108
RES011736;2024/09/11;At the hotel;377;2024/09/13;2;150,6;103
RES011737;2024/10/04;At the hotel;205;2024/10/04;1;137,34;110
RES011738;2024/10/17;Phone;223;2024/10/24;3;177,89;103
RES011739;2024/10/19;GDS;138;2024/10/20;2;135,58;106
RES011740;2024/09/17;At the hotel;320;2024/09/19;1;0;105
RES011741;2024/10/18;Velora.com;153;2024/10/22;1;246,66;110
RES011742;2024/10/04;Velora.com;367;2024/10/11;2;140,06;106
RES011743;2024/10/03;GDS;457;2024/10/30;1;247,62;102
RES011744;2024/09/09;Phone;196;2024/09/12;1;125,99;105
RES011745;2024/08/04;GDS;28;2024/09/07;2;150,6;108
RES011746;2024/09/14;App;175;2024/09/21;2;120,4;101
RES011747;2024/06/05;GDS;89;2024/10/06;1;283,36;108
RES011748;2024/10/02;Velora.com;199;2024/10/10;2;168,66;109
RES011749;2024/09/08;At the hotel;286;2024/10/06;2;62,65;110
RES011750;2024/10/02;Phone;211;2024/10/12;1;131,73;104
RES011751;2024/08/22;At the hotel;337;2024/09/24;2;168,32;103
RES011752;2024/10/15;GDS;308;2024/11/17;2;132,53;101
RES011753;2024/09/08;Velora.com;287;2024/10/27;1;34,25;101
RES011754;2024/10/05;App;10;2024/10/20;1;114,46;102
RES011755;2024/09/29;Velora.com;349;2024/10/03;5;102,41;102
RES011756;2024/09/04;GDS;476;2024/09/09;3;168,81;103
RES011757;2024/09/12;Phone;159;2024/09/30;2;179,53;106
RES011758;2024/10/08;Velora.com;21;2024/10/12;2;113,85;104
RES011759;2024/09/13;Phone;180;2024/10/28;1;162,78;106
RES011760;2024/09/10;Velora.com;214;2024/10/28;1;200,72;102
RES011761;2024/09/26;At the hotel;305;2024/10/31;1;72,29;104
RES011762;2024/10/02;At the hotel;84;2024/10/02;1;0;108
RES011763;2024/09/01;App;142;2024/09/03;1;148,51;108
RES011764;2024/09/02;At the hotel;206;2024/09/26;2;0;103
RES011765;2024/10/22;GDS;489;2024/10/30;1;193,53;105
RES011766;2024/09/24;GDS;69;2024/10/17;2;156,62;107
RES011767;2024/10/15;At the hotel;392;2024/10/19;4;192,37;101
RES011768;2024/09/25;Phone;91;2024/09/26;2;175,45;102
RES011769;2024/10/29;App;171;2024/11/01;2;96,18;101
RES011770;2024/09/09;GDS;480;2024/09/29;1;115,01;109
RES011771;2024/09/23;GDS;310;2024/10/15;1;132,53;108
RES011772;2024/10/05;Connected Wholesaler;474;2024/10/20;1;148,57;103
RES011773;2024/10/29;App;386;2024/11/01;1;170,98;103
RES011774;2024/09/22;GDS;464;2024/10/16;1;189,96;103
RES011775;2024/08/31;Phone;37;2024/09/13;1;163,63;108
RES011776;2024/08/13;App;242;2024/09/13;2;137,46;107
RES011777;2024/06/03;GDS;460;2024/09/18;1;145,78;105
RES011778;2024/09/25;Velora.com;51;2024/10/29;3;143,03;102
RES011779;2024/08/24;At the hotel;385;2024/09/25;1;152,72;106
RES011780;2024/09/04;At the hotel;42;2024/09/06;2;149,4;106
RES011781;2024/09/28;GDS;434;2024/10/18;4;128,01;103
RES011782;2024/08/17;Phone;154;2024/09/10;1;146,21;110
RES011783;2024/08/30;App;146;2024/09/24;2;156,86;103
RES011784;2024/10/01;App;412;2024/10/03;2;134,94;106
RES011785;2024/10/13;App;296;2024/10/16;2;145,78;103
RES011786;2024/07/18;Velora.com;49;2024/10/05;1;148,78;109
RES011787;2024/09/06;At the hotel;135;2024/09/12;4;0;102
RES011788;2024/08/21;GDS;394;2024/09/10;1;238,15;106
RES011789;2024/10/14;At the hotel;67;2024/11/15;3;174,7;108
RES011790;2024/09/25;At the hotel;73;2024/10/06;1;72,29;104
RES011791;2024/09/05;At the hotel;337;2024/10/07;2;162,65;110
RES011792;2024/09/08;Velora.com;32;2024/10/12;2;135,89;107
RES011793;2024/09/28;Velora.com;489;2024/09/28;2;131,61;109
RES011794;2024/10/02;GDS;187;2024/10/16;5;119,28;101
RES011795;2024/10/16;At the hotel;428;2024/10/18;1;168,32;105
RES011796;2024/09/04;App;384;2024/10/10;2;254,67;102
RES011797;2024/10/12;At the hotel;169;2024/10/13;3;174,68;107
RES011798;2024/10/03;At the hotel;48;2024/11/04;1;270,52;110
RES011799;2024/10/24;At the hotel;344;2024/10/25;2;151,51;104
RES011800;2024/09/23;At the hotel;366;2024/09/28;1;161,44;101
RES011801;2024/09/08;Velora.com;175;2024/09/11;2;150,66;105
RES011802;2024/08/29;At the hotel;312;2024/09/17;1;151,8;102
RES011803;2024/09/18;GDS;349;2024/10/25;2;159,91;106
RES011804;2024/09/24;Velora.com;424;2024/09/30;1;89,04;105
RES011805;2024/09/11;GDS;354;2024/10/09;2;225,33;107
RES011806;2024/09/06;At the hotel;268;2024/09/09;4;77,37;102
RES011807;2024/09/22;At the hotel;326;2024/09/23;1;141,56;106
RES011808;2024/07/15;Phone;129;2024/10/14;2;141,61;101
RES011809;2024/09/15;At the hotel;244;2024/10/02;3;177,47;106
RES011810;2024/10/03;At the hotel;317;2024/10/14;2;122,72;110
RES011811;2024/10/03;Velora.com;233;2024/10/03;2;141,67;105
RES011812;2024/10/14;Velora.com;213;2024/10/16;1;247,19;105
RES011813;2024/09/12;Connected Wholesaler;295;2024/09/15;2;102,71;105
RES011814;2024/10/10;App;180;2024/10/19;1;132,85;103
RES011815;2024/09/16;Velora.com;184;2024/10/02;2;165,3;102
RES011816;2024/07/03;Phone;445;2024/10/10;2;145,78;107
RES011817;2024/09/11;App;178;2024/10/02;2;173,48;109
RES011818;2024/08/23;Velora.com;452;2024/09/16;1;205,73;107
RES011819;2024/09/28;At the hotel;481;2024/10/01;2;222,42;104
RES011820;2024/10/09;App;211;2024/10/10;1;161,29;109
RES011821;2024/09/05;At the hotel;462;2024/09/08;2;147,11;102
RES011822;2024/08/27;GDS;283;2024/10/16;2;105,42;109
RES011823;2024/10/15;Phone;335;2024/10/21;2;150,6;108
RES011824;2024/09/21;Phone;466;2024/09/26;1;258,69;103
RES011825;2024/09/16;App;316;2024/09/21;3;256,47;110
RES011826;2024/10/10;GDS;32;2024/10/10;2;132,52;101
RES011827;2024/06/27;At the hotel;395;2024/10/22;1;133,33;107
RES011828;2024/10/14;App;175;2024/11/19;1;143,27;104
RES011829;2024/10/09;App;339;2024/10/17;2;156,61;107
RES011830;2024/08/24;GDS;206;2024/09/21;1;143,17;105
RES011831;2024/04/13;App;215;2024/10/10;1;285,81;105
RES011832;2024/09/04;At the hotel;302;2024/09/08;1;144,58;107
RES011833;2024/09/01;GDS;88;2024/09/04;1;163,84;103
RES011834;2024/08/22;GDS;149;2024/10/13;1;163,98;107
RES011835;2024/10/16;At the hotel;356;2024/10/16;2;181,39;108
RES011836;2024/10/25;GDS;169;2024/10/27;2;120,48;108
RES011837;2024/10/03;Velora.com;375;2024/10/08;2;119,75;108
RES011838;2024/10/07;GDS;43;2024/10/07;3;109,09;109
RES011839;2024/10/19;At the hotel;359;2024/10/24;2;70,48;106
RES011840;2024/10/24;Velora.com;481;2024/10/29;2;185,34;101
RES011841;2024/09/26;At the hotel;399;2024/11/01;1;204,54;108
RES011842;2024/10/19;At the hotel;277;2024/10/22;1;33,76;101
RES011843;2024/07/11;GDS;171;2024/10/30;4;134,34;109
RES011844;2024/09/24;Connected Wholesaler;297;2024/09/27;1;167,65;105
RES011845;2024/09/05;At the hotel;382;2024/09/07;3;149,4;101
RES011846;2024/10/27;App;135;2024/10/27;4;0;107
RES011847;2024/04/08;App;454;2024/10/01;3;124,21;109
RES011848;2024/10/21;Velora.com;188;2024/10/25;1;123,48;110
RES011849;2024/10/07;GDS;416;2024/10/23;3;168,32;103
RES011850;2024/09/16;GDS;271;2024/10/17;1;162,78;105
RES011851;2024/09/18;At the hotel;417;2024/09/20;2;206,06;101
RES011852;2024/10/11;Velora.com;26;2024/10/11;2;162,94;105
RES011853;2024/09/09;At the hotel;388;2024/09/14;3;132,64;103
RES011854;2024/08/21;Velora.com;219;2024/10/16;2;198,53;108
RES011855;2024/08/30;Velora.com;177;2024/10/11;1;117,77;102
RES011856;2024/08/04;At the hotel;352;2024/09/22;2;158,77;110
RES011857;2024/10/29;App;314;2024/12/01;4;114,46;110
RES011858;2024/10/29;Connected Wholesaler;441;2024/10/30;3;160,52;107
RES011859;2024/10/11;At the hotel;139;2024/10/26;3;151,8;110
RES011860;2024/09/04;Velora.com;151;2024/09/08;2;116,29;101
RES011861;2024/10/10;Connected Wholesaler;175;2024/10/10;1;124,54;102
RES011862;2024/09/09;At the hotel;5;2024/09/11;1;70,54;104
RES011863;2024/09/18;Velora.com;234;2024/09/20;1;185,64;102
RES011864;2024/10/17;At the hotel;104;2024/10/18;2;163,37;104
RES011866;2024/10/30;At the hotel;458;2024/10/30;1;174,54;105
RES011867;2024/09/17;Connected Wholesaler;78;2024/10/04;2;64,69;103
RES011868;2024/09/29;Velora.com;278;2024/10/02;1;135,42;108
RES011869;2024/10/06;At the hotel;478;2024/11/10;2;244,26;102
RES011870;2024/09/09;App;23;2024/10/12;2;143,89;107
RES011871;2024/09/21;At the hotel;273;2024/10/02;1;33,73;104
RES011872;2024/10/19;Velora.com;107;2024/10/20;1;33,81;103
RES011873;2024/10/02;Velora.com;417;2024/10/15;1;212,12;103
RES011874;2024/10/17;GDS;254;2024/10/27;1;97,29;104
RES011875;2024/10/07;Velora.com;436;2024/10/08;2;103,43;108
RES011876;2024/09/16;At the hotel;353;2024/09/18;5;218,18;105
RES011877;2024/09/05;Velora.com;132;2024/10/18;3;180,71;108
RES011878;2024/09/25;At the hotel;411;2024/10/18;1;159,03;105
RES011879;2024/10/08;GDS;215;2024/10/09;2;156,62;106
RES011880;2024/09/17;GDS;369;2024/09/24;2;247,62;108
RES011881;2024/08/31;Phone;170;2024/09/20;3;162,65;107
RES011882;2024/07/18;Velora.com;165;2024/10/02;2;207,88;106
RES011883;2024/10/02;At the hotel;485;2024/10/10;2;0;104
RES011884;2024/10/09;GDS;296;2024/10/22;2;193,43;104
RES011885;2024/09/28;At the hotel;140;2024/10/05;2;33,94;107
RES011886;2024/08/10;GDS;465;2024/10/29;2;164,88;106
RES011887;2024/10/04;Connected Wholesaler;397;2024/10/07;4;86,07;106
RES011888;2024/10/14;At the hotel;374;2024/10/17;3;78,59;109
RES011889;2024/10/28;App;314;2024/10/28;3;200;110
RES011890;2024/10/19;At the hotel;404;2024/10/19;2;144,75;105
RES011891;2024/09/30;Velora.com;459;2024/11/13;1;45,78;104
RES011892;2024/09/14;GDS;358;2024/10/01;3;133,33;101
RES011893;2024/07/23;Velora.com;201;2024/09/11;2;33,81;105
RES011894;2024/09/21;Phone;481;2024/09/23;3;173,45;102
RES011895;2024/08/20;Phone;178;2024/09/06;1;162,78;102
RES011896;2024/10/09;At the hotel;355;2024/10/10;5;77,37;104
RES011897;2024/10/24;At the hotel;225;2024/10/31;1;33,76;105
RES011898;2024/10/06;Velora.com;430;2024/10/08;1;82,6;105
RES011899;2024/09/20;App;283;2024/10/21;1;168,45;110
RES011900;2024/07/14;Velora.com;45;2024/09/19;2;198,53;103
RES011901;2024/09/12;App;231;2024/09/13;3;132,89;108
RES011902;2024/10/05;App;251;2024/10/05;2;109,73;110
RES011903;2024/10/17;Velora.com;447;2024/11/01;2;103,01;106
RES011904;2024/10/14;Velora.com;98;2024/10/27;2;124,68;106
RES011905;2024/08/24;GDS;347;2024/09/25;1;150,6;108
RES011906;2024/09/26;Connected Wholesaler;308;2024/09/27;1;96,69;102
RES011907;2024/08/07;Phone;452;2024/09/13;1;183,11;102
RES011908;2024/09/13;At the hotel;484;2024/09/14;1;210,84;103
RES011909;2024/09/04;App;436;2024/09/25;2;186,74;109
RES011910;2024/10/17;At the hotel;355;2024/10/17;2;72,29;108
RES011911;2024/10/19;App;449;2024/10/26;5;124,76;102
RES011912;2024/07/07;Velora.com;255;2024/10/06;2;153,61;105
RES011913;2024/09/23;GDS;21;2024/10/06;1;157,57;102
RES011915;2024/09/18;GDS;317;2024/10/21;2;152,95;107
RES011916;2024/10/02;App;243;2024/10/13;2;116,87;102
RES011917;2024/09/01;At the hotel;50;2024/09/28;2;126,49;109
RES011918;2024/09/06;GDS;451;2024/10/21;1;130,5;102
RES011919;2024/09/11;Velora.com;418;2024/09/11;2;133,12;109
RES011920;2024/10/09;Velora.com;362;2024/10/11;2;108,52;105
RES011921;2024/09/07;At the hotel;253;2024/09/13;2;168,67;104
RES011922;2024/10/25;GDS;182;2024/10/30;1;128,72;110
RES011923;2024/10/21;At the hotel;326;2024/10/23;1;156,62;107
RES011924;2024/08/18;Velora.com;352;2024/10/06;1;198,96;109
RES011925;2024/09/12;Connected Wholesaler;500;2024/10/17;2;123,23;109
RES011926;2024/08/20;Phone;421;2024/09/19;1;132,53;107
RES011927;2024/08/28;App;144;2024/10/01;2;233,59;107
RES011928;2024/09/20;Connected Wholesaler;40;2024/09/20;1;76,63;104
RES011929;2024/09/02;Phone;1;2024/09/19;1;156,62;103
RES011930;2024/09/12;App;304;2024/09/18;2;119,2;108
RES011931;2024/10/21;App;79;2024/10/29;3;146,99;107
RES011932;2024/08/31;GDS;105;2024/09/24;3;153,6;101
RES011933;2024/10/07;Velora.com;357;2024/10/16;1;34,25;103
RES011934;2024/08/30;Velora.com;391;2024/09/27;1;211,02;108
RES011935;2024/08/27;App;244;2024/09/15;2;195,48;107
RES011936;2024/09/11;Phone;199;2024/10/19;2;200,24;101
RES011937;2024/09/30;Velora.com;100;2024/10/21;1;112,17;110
RES011938;2024/10/09;GDS;366;2024/10/09;2;122,88;107
RES011939;2024/09/28;GDS;126;2024/10/01;3;153,94;110
RES011940;2024/09/07;App;411;2024/10/05;1;120,48;107
RES011941;2024/10/11;Velora.com;413;2024/11/18;4;216,58;102
RES011942;2024/09/22;Velora.com;381;2024/10/09;1;165,44;104
RES011943;2024/09/06;At the hotel;485;2024/09/17;4;33,66;108
RES011944;2024/05/10;Velora.com;431;2024/09/20;1;217,18;106
RES011945;2024/10/28;GDS;59;2024/10/31;1;128,72;107
RES011946;2024/09/08;At the hotel;416;2024/09/27;3;62,64;101
RES011947;2024/09/10;GDS;484;2024/10/03;2;144,34;105
RES011948;2024/09/07;Connected Wholesaler;404;2024/09/08;2;130,75;109
RES011949;2024/09/06;Phone;68;2024/09/20;5;156,93;101
RES011950;2024/09/08;Velora.com;165;2024/09/14;3;116,87;104
RES011951;2024/09/08;Connected Wholesaler;273;2024/10/08;4;110,24;109
RES011952;2024/09/12;GDS;5;2024/09/17;2;132,64;104
RES011953;2024/09/25;App;431;2024/10/17;2;198,78;103
RES011954;2024/10/19;App;432;2024/11/19;2;138,55;107
RES011955;2024/09/06;Connected Wholesaler;312;2024/09/06;1;144,94;106
RES011956;2024/10/04;Connected Wholesaler;19;2024/10/04;2;91,26;107
RES011957;2024/10/10;App;292;2024/11/03;3;330,63;106
RES011958;2024/08/22;Velora.com;299;2024/10/10;4;34,25;108
RES011959;2024/05/10;Phone;292;2024/09/18;2;150,6;101
RES011960;2024/09/29;Velora.com;170;2024/10/21;1;217,04;103
RES011961;2024/09/02;At the hotel;268;2024/09/21;1;151,8;103
RES011963;2024/10/03;At the hotel;282;2024/10/03;2;147,11;110
RES011964;2024/09/25;Connected Wholesaler;406;2024/10/27;1;199,68;101
RES011965;2024/10/04;GDS;6;2024/10/08;2;117,77;101
RES011966;2024/09/12;Velora.com;189;2024/09/15;2;143,62;104
RES011967;2024/09/08;Velora.com;326;2024/09/09;1;119,75;106
RES011968;2024/10/23;Velora.com;291;2024/10/30;1;164,5;102
RES011969;2024/09/10;Connected Wholesaler;207;2024/09/22;2;91,26;108
RES011970;2024/10/14;Velora.com;378;2024/10/22;1;203,47;102
RES011971;2024/10/05;GDS;193;2024/10/26;2;120,03;104
RES011972;2024/08/08;GDS;492;2024/09/27;2;168,66;110
RES011973;2024/09/05;At the hotel;51;2024/09/07;1;188,54;104
RES011974;2024/10/18;At the hotel;15;2024/10/18;1;132,53;106
RES011975;2024/08/10;GDS;402;2024/09/17;2;190,34;110
RES011976;2024/09/02;At the hotel;454;2024/09/17;2;33,94;109
RES011977;2024/08/09;GDS;267;2024/09/15;2;82,6;107
RES011979;2024/09/29;Velora.com;468;2024/10/01;1;131,66;102
RES011980;2024/09/04;At the hotel;285;2024/10/05;2;143,37;101
RES011981;2024/09/07;At the hotel;414;2024/09/12;1;160,37;110
RES011982;2024/10/13;Phone;142;2024/10/13;2;134,41;110
RES011983;2024/10/03;GDS;449;2024/10/28;3;206,79;104
RES011984;2024/09/09;GDS;125;2024/10/17;1;141,31;109
RES011985;2024/09/30;App;380;2024/10/04;2;138,55;103
RES011986;2024/10/11;At the hotel;383;2024/10/13;2;138,49;105
RES011987;2024/10/02;At the hotel;103;2024/10/02;1;150,73;101
RES011988;2024/09/11;Connected Wholesaler;446;2024/09/13;1;174,04;102
RES011989;2024/08/05;GDS;87;2024/09/07;1;181,14;107
RES011990;2024/10/05;Velora.com;71;2024/11/05;1;131,61;107
RES011991;2024/10/13;At the hotel;468;2024/10/17;1;132,53;104
RES011992;2024/09/14;Phone;410;2024/09/15;2;169,86;105
RES011993;2024/10/08;Velora.com;219;2024/10/09;1;154,42;108
RES011994;2024/10/12;At the hotel;48;2024/10/26;1;152,72;109
RES011995;2024/09/13;App;153;2024/09/15;1;332;104
RES011996;2024/09/15;At the hotel;207;2024/09/19;1;132,53;105
RES011997;2024/10/08;At the hotel;407;2024/10/13;1;70,54;107
RES011998;2024/07/27;Velora.com;115;2024/10/05;2;597,84;102
RES011999;2024/08/16;Connected Wholesaler;297;2024/09/19;1;168,21;106
RES012000;2024/10/18;Velora.com;201;2024/10/20;1;98,79;109
RES012001;2024/09/30;Phone;414;2024/10/09;2;180,87;105
RES012002;2024/10/02;At the hotel;102;2024/10/06;1;213,73;107
RES012003;2024/10/03;Velora.com;230;2024/10/05;1;116,36;107
RES012004;2024/09/11;GDS;97;2024/09/12;2;157,57;104
RES012005;2024/09/22;GDS;213;2024/11/30;2;201,88;107
RES012006;2024/09/24;Connected Wholesaler;46;2024/10/04;5;108,42;104
RES012007;2024/10/15;App;474;2024/10/15;3;120,48;106
RES012008;2024/09/27;GDS;220;2024/10/01;2;134,34;106
RES012009;2024/09/24;At the hotel;51;2024/10/25;1;125,3;107
RES012010;2024/09/07;Velora.com;290;2024/09/08;1;114,43;106
RES012011;2024/09/12;GDS;221;2024/10/05;2;139,09;106
RES012012;2024/09/02;Velora.com;168;2024/09/30;3;209,06;107
RES012013;2024/09/14;App;78;2024/10/18;2;162,65;108
RES012014;2024/09/26;Velora.com;373;2024/10/05;2;131,62;104
RES012015;2024/10/08;At the hotel;356;2024/10/12;1;0;109
RES012016;2024/07/25;GDS;467;2024/10/13;1;163,63;105
RES012017;2024/09/17;Velora.com;219;2024/10/06;1;172,24;104
RES012019;2024/09/06;GDS;437;2024/09/23;4;186,36;107
RES012020;2024/09/03;Velora.com;46;2024/09/22;1;158,28;103
RES012021;2024/10/15;App;96;2024/11/15;4;192,37;103
RES012022;2024/09/28;At the hotel;158;2024/09/30;1;177,09;103
RES012023;2024/09/17;Velora.com;130;2024/09/30;3;144,58;109
RES012024;2024/10/11;App;360;2024/10/11;1;226,83;103
RES012025;2024/09/10;Phone;437;2024/09/11;2;150,6;105
RES012026;2024/10/19;Velora.com;383;2024/10/20;3;108,53;107
RES012027;2024/10/18;At the hotel;369;2024/11/19;1;120,58;110
RES012028;2024/09/24;GDS;482;2024/10/22;2;132,52;101
RES012029;2024/09/26;At the hotel;228;2024/09/27;1;33,76;108
RES012030;2024/09/20;At the hotel;302;2024/09/20;1;70,54;108
RES012031;2024/09/20;GDS;443;2024/10/01;3;174,08;103
RES012032;2024/09/13;At the hotel;70;2024/09/22;1;222,59;107
RES012033;2024/07/25;GDS;269;2024/09/24;1;143,95;106
RES012034;2024/10/08;Phone;412;2024/11/10;1;118,07;102
RES012035;2024/10/12;Phone;189;2024/10/18;2;124,7;107
RES012036;2024/05/19;App;233;2024/10/26;2;280,29;110
RES012037;2024/10/07;At the hotel;265;2024/10/09;1;77,37;102
RES012038;2024/10/04;App;294;2024/10/05;2;150,73;106
RES012039;2024/09/17;GDS;455;2024/10/07;2;108,66;104
RES012040;2024/10/31;At the hotel;481;2024/11/01;1;144,58;105
RES012041;2024/10/18;At the hotel;64;2024/10/30;2;0;107
RES012042;2024/03/21;Velora.com;441;2024/10/21;1;259,22;103
RES012043;2024/05/16;App;297;2024/09/05;1;317,45;102
RES012044;2024/07/16;GDS;259;2024/10/05;1;145,78;102
RES012045;2024/07/26;Velora.com;224;2024/09/02;1;33,71;101
RES012046;2024/09/06;At the hotel;227;2024/09/24;4;33,66;110
RES012047;2024/10/07;GDS;114;2024/10/09;2;132,52;107
RES012048;2024/10/31;App;196;2024/10/31;2;134,34;105
RES012049;2024/08/25;GDS;450;2024/11/11;2;147,11;104
RES012050;2024/08/29;GDS;338;2024/09/25;2;133,13;102
RES012051;2024/09/25;Velora.com;278;2024/10/05;1;114,55;102
RES012052;2024/10/02;At the hotel;492;2024/10/03;1;77,43;104
RES012053;2024/09/05;Velora.com;45;2024/09/09;2;153,49;101
RES012054;2024/10/16;Velora.com;65;2024/10/19;1;106,02;108
RES012055;2024/10/27;At the hotel;478;2024/10/30;1;126,61;104
RES012056;2024/10/10;Connected Wholesaler;7;2024/10/10;4;89,45;109
RES012057;2024/04/10;At the hotel;159;2024/09/27;3;118,79;102
RES012058;2024/09/25;At the hotel;14;2024/10/08;1;132,52;106
RES012059;2024/09/25;At the hotel;77;2024/09/26;2;168,48;110
RES012060;2024/08/08;At the hotel;405;2024/09/05;2;105,42;102
RES012061;2024/05/21;Phone;468;2024/09/06;1;202,05;106
RES012062;2024/09/10;Velora.com;24;2024/10/26;1;33,81;110
RES012063;2024/03/30;At the hotel;182;2024/10/29;1;101,98;101
RES012064;2024/09/17;GDS;372;2024/09/30;1;169,63;105
RES012065;2024/10/19;At the hotel;168;2024/10/19;1;144,28;101
RES012066;2024/10/09;GDS;82;2024/10/24;2;120,48;110
RES012067;2024/09/05;GDS;449;2024/09/11;1;82,6;103
RES012068;2024/10/14;App;136;2024/10/20;1;138,19;103
RES012069;2024/08/24;App;437;2024/09/26;2;151,51;109
RES012070;2024/07/21;Velora.com;409;2024/10/04;4;175,28;109
RES012071;2024/10/04;Connected Wholesaler;67;2024/10/05;1;98,94;106
RES012072;2024/09/18;App;4;2024/10/09;1;213,43;108
RES012074;2024/10/07;GDS;69;2024/11/10;1;120,48;110
RES012075;2024/10/08;Phone;381;2024/11/14;2;200,65;107
RES012076;2024/09/12;Connected Wholesaler;9;2024/09/28;1;86,7;104
RES012077;2024/09/16;Connected Wholesaler;460;2024/09/22;2;108,07;109
RES012078;2024/09/28;At the hotel;365;2024/10/04;1;33,94;109
RES012079;2024/09/13;At the hotel;440;2024/09/23;1;102,06;108
RES012080;2024/09/30;GDS;326;2024/10/02;1;148,71;105
RES012081;2024/08/28;App;99;2024/09/12;2;137,05;104
RES012082;2024/05/09;Velora.com;121;2024/10/12;2;217,18;103
RES012083;2024/10/05;At the hotel;288;2024/10/06;1;90,36;105
RES012084;2024/09/28;Velora.com;91;2024/10/01;1;123,97;110
RES012085;2024/07/21;Phone;104;2024/09/20;1;135,47;107
RES012086;2024/05/26;Velora.com;281;2024/09/04;2;146,68;103
RES012087;2024/09/30;At the hotel;244;2024/10/10;2;120,48;105
RES012088;2024/05/16;GDS;211;2024/09/11;2;150,59;110
RES012089;2024/10/10;Velora.com;325;2024/10/18;2;145,78;106
RES012090;2024/09/05;Velora.com;394;2024/09/11;2;134,4;108
RES012091;2024/09/29;Connected Wholesaler;123;2024/09/29;1;94,37;108
RES012092;2023/11/06;Velora.com;164;2024/10/18;1;120,47;102
RES012093;2024/08/17;GDS;325;2024/10/17;2;117,03;108
RES012094;2024/08/26;App;368;2024/10/20;1;150,59;108
RES012095;2024/05/25;Velora.com;162;2024/10/10;2;183,2;103
RES012096;2024/09/13;GDS;110;2024/09/17;2;186,9;101
RES012097;2024/10/23;At the hotel;47;2024/10/26;1;149,4;110
RES012098;2024/10/16;App;491;2024/10/21;2;128,49;106
RES012099;2024/09/23;At the hotel;201;2024/09/25;1;190,36;108
RES012100;2024/07/08;GDS;498;2024/10/04;1;268,61;107
RES012101;2024/08/31;Velora.com;298;2024/10/08;1;176,97;105
RES012102;2024/04/09;At the hotel;28;2024/10/03;1;133,33;101
RES012103;2024/09/21;App;186;2024/10/04;2;134,94;107
RES012104;2024/10/08;GDS;84;2024/10/16;2;132,52;107
RES012105;2024/09/11;GDS;376;2024/10/02;3;96,46;109
RES012106;2024/09/26;Velora.com;364;2024/11/06;2;106,91;101
RES012107;2024/09/28;Velora.com;23;2024/10/09;1;229,76;101
RES012108;2024/09/12;GDS;4;2024/09/22;1;112,17;107
RES012109;2024/10/04;App;144;2024/10/11;2;66,67;104
RES012110;2024/09/20;Velora.com;478;2024/10/05;2;241,81;108
RES012111;2024/10/16;At the hotel;451;2024/10/27;3;178,46;110
RES012112;2024/08/30;Velora.com;217;2024/10/29;1;132,53;104
RES012113;2024/08/26;Velora.com;184;2024/09/03;2;158,79;110
RES012114;2024/09/11;App;197;2024/09/14;2;114,46;102
RES012115;2024/08/11;Phone;500;2024/09/17;2;210,82;104
RES012116;2024/10/07;At the hotel;291;2024/10/17;1;56,67;107
RES012117;2024/10/16;Velora.com;394;2024/10/16;1;195,39;103
RES012118;2024/09/11;GDS;349;2024/10/26;2;121,08;106
RES012119;2024/09/24;Velora.com;233;2024/11/08;1;156,86;101
RES012120;2024/09/19;Phone;20;2024/09/23;1;145,78;109
RES012121;2024/07/13;GDS;81;2024/09/26;2;151,51;107
RES012122;2024/10/31;At the hotel;493;2024/10/31;3;135,76;103
RES012123;2024/10/09;At the hotel;342;2024/10/11;3;163,63;101
RES012124;2024/09/09;Velora.com;17;2024/09/27;5;141,56;105
RES012125;2024/10/27;Velora.com;493;2024/10/28;2;306,55;103
RES012126;2024/10/04;Velora.com;486;2024/10/08;2;102,41;109
RES012127;2024/08/26;Phone;108;2024/09/13;5;225,45;102
RES012128;2024/10/16;At the hotel;146;2024/10/17;2;218,18;102
RES012129;2024/08/18;Connected Wholesaler;228;2024/10/04;2;146,81;110
RES012130;2024/08/07;GDS;473;2024/09/19;2;160,37;103
RES012131;2024/08/24;GDS;127;2024/09/11;3;130,5;110
RES012132;2024/10/26;GDS;299;2024/10/30;1;192,51;108
RES012133;2024/10/09;At the hotel;119;2024/10/12;2;159;101
RES012134;2024/09/20;Phone;196;2024/10/06;1;143,37;105
RES012135;2024/10/02;At the hotel;301;2024/10/04;2;222,59;102
RES012136;2024/09/26;Velora.com;265;2024/10/03;2;153,04;108
RES012137;2024/09/22;GDS;77;2024/09/24;1;149,08;106
RES012138;2024/09/22;Phone;483;2024/10/22;3;122,89;101
RES012139;2024/10/09;GDS;63;2024/10/23;2;158,77;110
RES012140;2024/10/13;Velora.com;240;2024/10/13;2;129,3;104
RES012141;2024/10/06;At the hotel;350;2024/10/29;3;70,47;102
RES012142;2024/09/06;Velora.com;360;2024/09/06;1;139,23;104
RES012143;2024/09/17;GDS;242;2024/09/17;2;216,09;106
RES012144;2024/10/08;Velora.com;100;2024/10/26;2;173,02;104
RES012145;2024/06/29;Phone;225;2024/09/20;3;246,41;103
RES012146;2024/09/08;At the hotel;315;2024/09/08;2;0;103
RES012147;2024/10/29;Phone;35;2024/10/31;1;159,02;109
RES012148;2024/09/18;GDS;46;2024/09/23;1;117,02;101
RES012149;2024/09/17;GDS;34;2024/09/24;1;132,52;106
RES012150;2024/09/15;GDS;40;2024/10/18;1;204,99;108
RES012151;2024/09/19;Velora.com;251;2024/09/20;2;137,35;101
RES012152;2024/09/04;At the hotel;307;2024/09/06;3;149,4;104
RES012153;2024/05/02;At the hotel;500;2024/09/30;1;140,6;104
RES012154;2024/09/27;At the hotel;129;2024/10/18;2;72,29;107
RES012155;2024/10/04;Velora.com;182;2024/10/11;2;33,99;102
RES012156;2024/04/15;Velora.com;7;2024/10/31;1;180,39;109
RES012157;2024/11/01;App;214;2024/11/04;1;115,15;105
RES012158;2024/10/31;GDS;346;2024/10/31;1;82,6;107
RES012159;2024/09/27;At the hotel;183;2024/09/28;1;170,98;108
RES012160;2024/09/09;Velora.com;315;2024/10/17;2;182,83;109
RES012161;2024/10/19;App;265;2024/10/26;2;120,48;106
RES012162;2024/06/21;Velora.com;291;2024/09/06;1;113,31;101
RES012163;2024/09/25;App;213;2024/11/02;2;140,38;109
RES012164;2024/10/09;GDS;92;2024/10/24;1;162,78;102
RES012165;2024/08/29;At the hotel;294;2024/10/17;1;0;103
RES012166;2024/07/01;GDS;338;2024/10/02;1;366,98;106
RES012167;2024/09/17;Velora.com;39;2024/10/21;1;123,97;109
RES012168;2024/09/10;Velora.com;225;2024/09/15;2;142,54;104
RES012169;2024/09/17;Velora.com;389;2024/09/22;4;145,53;110
RES012170;2024/10/03;At the hotel;132;2024/10/05;1;149,4;102
RES012171;2024/09/25;App;359;2024/10/01;3;126,5;102
RES012172;2024/07/20;Velora.com;135;2024/09/24;2;180,71;110
RES012173;2024/09/24;Velora.com;343;2024/10/04;5;174,36;109
RES012174;2024/09/25;At the hotel;7;2024/09/26;2;208,84;110
RES012175;2024/09/09;App;217;2024/09/25;3;139,77;107
RES012176;2024/09/12;Velora.com;234;2024/10/13;2;112,64;109
RES012177;2024/08/21;Velora.com;48;2024/10/21;2;120,34;102
RES012178;2024/07/08;GDS;96;2024/10/18;3;108,29;101
RES012179;2024/09/08;Velora.com;196;2024/09/16;1;145,78;101
RES012180;2024/09/09;Velora.com;424;2024/09/12;1;118,07;108
RES012181;2024/10/19;At the hotel;475;2024/10/19;1;0;109
RES012182;2024/10/24;App;293;2024/10/30;1;128,86;104
RES012183;2024/09/25;At the hotel;9;2024/09/29;2;62,65;104
RES012184;2024/10/12;At the hotel;43;2024/10/13;1;178,3;101
RES012185;2024/08/06;App;255;2024/10/29;1;330,74;103
RES012186;2024/08/07;Velora.com;301;2024/09/10;3;164,11;109
RES012187;2024/10/18;At the hotel;429;2024/10/24;2;180,35;107
RES012188;2024/09/27;Connected Wholesaler;460;2024/10/22;1;118,93;103
RES012189;2024/10/21;App;192;2024/10/26;2;132,64;106
RES012190;2024/10/07;Velora.com;54;2024/10/08;1;129,58;103
RES012191;2024/09/22;Velora.com;355;2024/09/28;1;126,01;105
RES012192;2024/09/20;Velora.com;6;2024/09/30;2;143,62;108
RES012193;2024/09/15;GDS;60;2024/10/24;4;201,48;101
RES012194;2024/10/07;At the hotel;375;2024/10/09;2;217,04;106
RES012195;2024/09/24;App;242;2024/10/01;2;141,98;110
RES012196;2024/09/23;Velora.com;74;2024/10/11;5;127,71;101
RES012197;2024/06/29;Velora.com;438;2024/09/20;1;144,56;102
RES012198;2024/09/04;GDS;233;2024/10/08;1;162,63;104
RES012199;2024/09/13;GDS;222;2024/09/17;1;141,31;107
RES012200;2024/08/29;At the hotel;157;2024/09/10;3;72,29;101
RES012201;2024/09/28;Phone;97;2024/10/17;1;220,6;107
RES012202;2024/08/31;GDS;23;2024/09/22;1;117,02;104
RES012203;2024/10/05;At the hotel;22;2024/10/10;1;70,91;110
RES012204;2024/07/09;App;447;2024/09/21;1;266,66;107
RES012205;2024/09/15;At the hotel;110;2024/10/21;2;132,53;102
RES012206;2024/09/30;GDS;5;2024/10/02;2;225,94;106
RES012207;2024/09/13;GDS;278;2024/09/23;2;168,81;104
RES012208;2024/09/09;Phone;405;2024/09/09;2;166,96;101
RES012209;2024/10/07;GDS;180;2024/10/08;1;112,05;108
RES012210;2024/10/09;GDS;465;2024/10/28;1;132,52;105
RES012211;2024/09/03;App;91;2024/10/22;2;172,11;107
RES012212;2024/09/25;GDS;432;2024/09/26;3;111,27;103
RES012213;2024/09/18;At the hotel;122;2024/09/20;1;201,51;108
RES012214;2024/08/31;GDS;320;2024/09/05;4;162,77;110
RES012215;2024/09/06;GDS;53;2024/10/07;2;114,09;105
RES012216;2024/09/25;Connected Wholesaler;292;2024/09/26;2;108,43;109
RES012217;2024/07/31;GDS;86;2024/09/23;1;199,7;110
RES012218;2024/10/29;Velora.com;62;2024/10/31;2;33,99;103
RES012219;2024/05/09;At the hotel;428;2024/10/03;2;97,59;107
RES012220;2024/09/02;Velora.com;334;2024/09/12;3;149,39;103
RES012221;2024/09/20;At the hotel;253;2024/10/20;2;70,54;101
RES012222;2024/09/14;GDS;21;2024/09/17;2;224,28;107
RES012223;2024/09/24;Velora.com;413;2024/10/18;1;157,38;104
RES012224;2024/10/01;App;205;2024/10/01;5;198,38;102
RES012225;2024/10/03;At the hotel;181;2024/11/03;2;119,28;102
RES012226;2024/10/02;Phone;362;2024/11/15;3;125,67;103
RES012227;2024/10/31;At the hotel;155;2024/11/01;2;132,53;109
RES012228;2024/10/25;Phone;322;2024/10/28;1;254,79;107
RES012229;2024/09/24;Connected Wholesaler;397;2024/10/03;1;104,82;102
RES012230;2024/09/16;At the hotel;160;2024/09/16;2;224,24;110
RES012231;2024/09/17;At the hotel;39;2024/09/18;1;189,36;104
RES012232;2024/10/13;GDS;266;2024/11/14;3;172,72;109
RES012233;2024/10/24;Velora.com;289;2024/10/28;2;170,85;105
RES012234;2024/09/07;At the hotel;104;2024/09/08;3;163,37;107
RES012235;2024/11/01;At the hotel;500;2024/11/02;2;151,51;104
RES012236;2024/08/26;GDS;99;2024/09/19;1;192,75;102
RES012237;2024/09/17;Connected Wholesaler;133;2024/09/23;2;134,47;102
RES012238;2024/08/27;Velora.com;168;2024/10/05;1;166,97;110
RES012239;2024/09/21;App;471;2024/10/05;2;184,55;109
RES012240;2024/09/05;At the hotel;17;2024/09/06;2;33,66;105
RES012241;2023/12/07;Velora.com;326;2024/10/08;1;180,72;103
RES012242;2024/10/14;At the hotel;475;2024/10/15;3;421,65;101
RES012243;2024/04/27;At the hotel;144;2024/09/09;1;86,02;106
RES012244;2024/09/12;App;298;2024/09/20;1;146,29;102
RES012245;2024/07/16;Velora.com;184;2024/09/14;3;148,78;108
RES012246;2024/09/12;App;474;2024/09/13;3;226,66;105
RES012247;2024/08/09;GDS;389;2024/09/08;2;150,79;104
RES012248;2024/10/20;GDS;392;2024/11/30;2;114,46;109
RES012249;2024/09/25;App;130;2024/10/02;2;172,29;102
RES012250;2024/09/10;Velora.com;53;2024/09/26;1;168,23;108
RES012251;2024/09/21;At the hotel;174;2024/09/25;2;117,89;104
RES012252;2024/07/09;GDS;166;2024/09/10;1;180,72;102
RES012253;2024/07/04;Phone;159;2024/10/24;1;141,61;102
RES012254;2024/09/06;Velora.com;484;2024/09/28;1;148,78;108
RES012255;2024/09/06;At the hotel;470;2024/09/06;1;152,66;107
RES012256;2024/09/23;GDS;397;2024/09/24;2;132,14;109
RES012257;2024/10/05;At the hotel;499;2024/11/05;2;118,07;109
RES012258;2024/09/19;Velora.com;30;2024/10/03;2;162,63;106
RES012259;2024/09/10;GDS;14;2024/10/01;2;132,53;109
RES012260;2024/09/07;Velora.com;454;2024/09/24;4;209,65;109
RES012261;2024/10/24;Velora.com;83;2024/11/30;1;120,58;102
RES012262;2024/10/04;Other;60;2024/10/17;3;136,14;108
RES012263;2024/10/15;At the hotel;323;2024/10/16;1;156,36;105
RES012265;2024/09/16;GDS;305;2024/09/28;4;158,77;104
RES012266;2024/09/13;App;459;2024/10/14;1;229,1;102
RES012267;2024/10/21;At the hotel;319;2024/10/26;1;161,44;104
RES012268;2024/10/11;Velora.com;106;2024/10/17;1;185,54;107
RES012269;2024/06/28;App;281;2024/09/12;2;228,89;108
RES012270;2024/09/20;App;206;2024/09/27;2;124,56;105
RES012271;2024/09/13;At the hotel;200;2024/09/19;2;33,73;106
RES012272;2024/09/29;Velora.com;462;2024/10/10;1;164,85;105
RES012273;2024/09/11;At the hotel;350;2024/09/20;2;70,48;103
RES012274;2024/08/24;At the hotel;119;2024/10/23;1;105,42;101
RES012275;2024/07/19;GDS;373;2024/09/25;5;162,63;108
RES012276;2024/10/02;Velora.com;315;2024/10/07;2;116,57;103
RES012277;2024/09/11;Velora.com;135;2024/09/13;2;108,73;109
RES012278;2024/10/08;At the hotel;27;2024/10/13;2;70,48;106
RES012279;2024/09/29;At the hotel;215;2024/10/05;1;150,6;101
RES012280;2024/09/04;Velora.com;228;2024/09/14;2;366,39;101
RES012281;2024/09/26;GDS;219;2024/10/15;2;273,03;103
RES012282;2024/08/04;Velora.com;21;2024/09/25;1;175,52;105
RES012283;2024/10/05;At the hotel;191;2024/10/12;2;62,7;109
RES012284;2024/10/03;GDS;134;2024/10/14;5;150,6;105
RES012285;2024/09/16;App;277;2024/09/20;2;144,7;109
RES012286;2024/10/09;App;116;2024/11/09;1;110,03;110
RES012287;2024/04/12;At the hotel;98;2024/09/10;2;140,6;107
RES012288;2024/09/30;GDS;31;2024/10/07;2;121,21;110
RES012289;2024/09/27;At the hotel;53;2024/09/28;2;119,28;105
RES012290;2024/09/15;At the hotel;136;2024/09/17;2;173,48;105
RES012291;2024/10/03;At the hotel;26;2024/10/05;1;149,4;105
RES012292;2024/08/26;Velora.com;193;2024/10/18;2;189,01;106
RES012293;2024/10/10;At the hotel;334;2024/10/14;2;159,76;106
RES012294;2024/09/04;Velora.com;104;2024/09/11;2;97,23;109
RES012295;2024/10/11;At the hotel;35;2024/10/14;1;70,48;101
RES012296;2024/10/09;Velora.com;414;2024/10/13;1;118,17;110
RES012297;2024/08/27;GDS;230;2024/10/11;1;105,96;103
RES012298;2024/10/10;Velora.com;145;2024/10/10;2;147,11;109
RES012299;2024/09/15;App;241;2024/09/28;2;164,88;106
RES012300;2024/07/29;Velora.com;348;2024/09/09;1;180,71;102
RES012301;2024/09/24;At the hotel;404;2024/10/12;1;57,57;109
RES012302;2024/09/18;At the hotel;108;2024/09/18;1;189,36;104
RES012303;2024/09/28;Velora.com;192;2024/10/03;1;118,48;101
RES012304;2024/09/19;GDS;447;2024/09/26;1;183,16;104
RES012305;2024/01/24;Velora.com;162;2024/10/25;1;33,81;101
RES012306;2024/10/24;At the hotel;72;2024/10/28;1;138,18;106
RES012307;2024/10/05;GDS;139;2024/10/07;1;175,75;101
RES012308;2024/08/30;GDS;246;2024/09/19;4;192,75;108
RES012309;2024/09/12;Velora.com;384;2024/09/26;2;138,78;105
RES012310;2024/08/25;GDS;338;2024/09/11;3;216,85;103
RES012311;2024/09/16;App;413;2024/10/11;1;196,96;108
RES012312;2024/10/02;At the hotel;15;2024/10/03;1;144,38;110
RES012313;2024/10/15;App;122;2024/10/19;2;137,43;105
RES012314;2024/09/11;At the hotel;20;2024/09/12;2;141,56;109
RES012315;2024/09/23;At the hotel;333;2024/10/25;1;33,73;105
RES012316;2024/09/26;Velora.com;196;2024/10/15;1;184,32;107
RES012317;2024/09/26;Velora.com;416;2024/09/26;2;33,78;105
RES012318;2024/09/14;App;467;2024/10/15;1;132,82;106
RES012319;2024/09/05;GDS;230;2024/10/27;2;135,89;108
RES012320;2024/08/31;GDS;359;2024/10/02;2;170,98;104
RES012321;2024/09/08;Phone;348;2024/10/09;2;130,68;108
RES012322;2024/09/21;At the hotel;140;2024/09/25;1;33,73;104
RES012323;2024/10/05;GDS;378;2024/10/19;1;96,46;108
RES012324;2024/08/15;GDS;12;2024/10/08;1;225,94;101
RES012325;2024/09/14;At the hotel;5;2024/09/29;1;151,79;103
RES012326;2024/09/25;GDS;293;2024/10/21;1;169,78;101
RES012327;2024/10/11;Velora.com;51;2024/10/11;1;138,18;107
RES012328;2024/09/01;App;378;2024/09/22;1;140,24;106
RES012329;2024/10/11;At the hotel;238;2024/10/15;2;33,76;108
RES012330;2024/09/12;Phone;210;2024/09/22;2;140,96;110
RES012331;2024/09/25;At the hotel;438;2024/10/12;1;72,29;109
RES012332;2024/08/28;GDS;336;2024/10/13;1;189,96;106
RES012333;2024/10/09;App;365;2024/10/31;1;183,2;105
RES012334;2024/10/16;Velora.com;481;2024/10/21;4;155,59;108
RES012335;2024/10/07;At the hotel;391;2024/10/10;1;134,94;106
RES012336;2024/09/17;Phone;164;2024/09/23;2;145,78;107
RES012337;2024/09/20;App;64;2024/10/03;2;287,01;106
RES012338;2024/06/15;Velora.com;498;2024/09/27;3;232,05;103
RES012339;2024/09/16;Velora.com;117;2024/10/02;1;173,09;108
RES012340;2024/09/13;Connected Wholesaler;15;2024/09/15;3;91,26;108
RES012341;2024/10/06;App;379;2024/10/24;5;195,18;110
RES012342;2024/10/07;GDS;247;2024/10/15;3;229,93;110
RES012343;2024/08/25;Velora.com;245;2024/10/04;1;113,2;105
RES012344;2024/10/24;App;6;2024/10/26;2;175,75;108
RES012345;2024/10/11;GDS;86;2024/10/17;2;186,36;110
RES012346;2024/09/22;Velora.com;477;2024/10/19;1;113,33;103
RES012347;2024/09/25;Phone;188;2024/10/11;2;170,37;109
RES012348;2024/10/10;Velora.com;340;2024/10/19;1;148,48;102
RES012349;2024/10/21;GDS;92;2024/10/23;1;113,33;110
RES012350;2024/09/28;GDS;127;2024/10/15;2;150,6;102
RES012351;2024/09/07;At the hotel;78;2024/09/09;1;228,61;110
RES012352;2024/09/09;Velora.com;118;2024/10/14;2;151,79;102
RES012353;2024/05/08;Connected Wholesaler;299;2024/10/29;4;140,47;107
RES012354;2024/09/09;Velora.com;389;2024/10/14;2;153,6;107
RES012355;2024/09/25;At the hotel;270;2024/10/02;2;162,78;102
RES012356;2024/10/14;GDS;206;2024/10/15;1;106,85;107
RES012357;2024/09/24;Connected Wholesaler;38;2024/09/27;1;87,65;107
RES012358;2024/10/16;Velora.com;2;2024/10/20;2;118,36;108
RES012359;2024/09/24;Connected Wholesaler;451;2024/10/02;2;75,53;101
RES012360;2024/05/24;At the hotel;488;2024/10/06;1;86,02;110
RES012361;2024/10/18;App;31;2024/10/19;2;126,06;106
RES012362;2024/08/25;GDS;406;2024/09/23;1;180,87;108
RES012363;2024/10/03;App;127;2024/10/04;3;138,56;103
RES012364;2024/10/12;At the hotel;291;2024/10/27;1;118,17;108
RES012365;2024/09/19;Connected Wholesaler;317;2024/09/20;3;96,66;103
RES012366;2024/10/07;At the hotel;135;2024/10/07;2;0;110
RES012367;2024/09/28;GDS;252;2024/10/06;1;144,56;108
RES012368;2024/10/08;GDS;282;2024/10/10;2;139,39;102
RES012369;2024/08/28;Velora.com;417;2024/09/09;4;195,41;108
RES012370;2024/09/28;Velora.com;49;2024/10/02;1;171,29;103
RES012371;2024/10/09;App;116;2024/10/09;1;144,7;109
RES012372;2024/09/08;Velora.com;97;2024/09/13;2;118,07;105
RES012373;2024/09/27;GDS;81;2024/10/01;1;112,05;108
RES012374;2024/09/04;Phone;384;2024/09/18;3;171,9;109
RES012375;2024/09/27;At the hotel;132;2024/09/28;2;142,6;109
RES012376;2024/10/14;At the hotel;476;2024/10/18;1;132,53;105
RES012377;2024/08/09;GDS;487;2024/10/02;1;306,82;109
RES012378;2024/10/03;At the hotel;6;2024/10/04;1;77,43;105
RES012379;2024/08/13;App;40;2024/10/02;1;155,3;107
RES012380;2024/10/09;At the hotel;74;2024/10/09;2;192,37;101
RES012381;2024/09/07;App;332;2024/09/13;4;220,65;107
RES012382;2024/09/03;Velora.com;8;2024/10/04;2;142,79;103
RES012383;2024/10/27;At the hotel;62;2024/10/27;1;110,79;101
RES012384;2024/08/18;Connected Wholesaler;398;2024/09/18;1;265,67;109
RES012385;2024/08/28;Velora.com;497;2024/09/26;1;214,18;110
RES012386;2024/10/24;Velora.com;380;2024/10/29;1;141,68;108
RES012387;2024/10/13;GDS;127;2024/10/14;2;204,54;103
RES012388;2024/08/19;GDS;359;2024/09/02;1;109,09;104
RES012389;2024/10/12;App;357;2024/10/13;1;140,45;102
RES012390;2024/09/13;App;180;2024/09/25;2;128,58;107
RES012391;2024/09/07;Velora.com;101;2024/09/09;3;50,6;103
RES012392;2024/09/08;At the hotel;357;2024/09/30;2;70,47;104
RES012393;2024/09/13;Phone;184;2024/10/13;2;147,71;105
RES012394;2024/10/12;At the hotel;387;2024/10/22;1;151,93;110
RES012395;2024/10/25;GDS;319;2024/10/29;2;132,53;105
RES012396;2024/10/17;App;44;2024/10/23;1;147,58;107
RES012397;2024/09/29;Phone;460;2024/10/07;1;172,83;104
RES012398;2024/10/15;At the hotel;494;2024/11/16;1;120,23;106
RES012399;2024/09/03;GDS;95;2024/09/16;2;112,65;104
RES012400;2024/10/01;At the hotel;156;2024/10/01;1;77,52;102
RES012401;2024/09/12;Velora.com;394;2024/09/14;2;157,51;101
RES012402;2024/10/19;At the hotel;98;2024/10/20;2;151,51;107
RES012403;2024/10/10;At the hotel;97;2024/10/11;1;210,84;108
RES012404;2024/09/30;Velora.com;1;2024/10/02;1;154,21;108
RES012405;2024/10/19;GDS;422;2024/10/23;4;188,47;107
RES012406;2024/08/29;Connected Wholesaler;118;2024/10/03;2;140,96;105
RES012407;2024/08/31;GDS;388;2024/10/16;2;163,84;105
RES012408;2024/07/13;Velora.com;80;2024/10/29;5;397,96;103
RES012409;2024/08/09;Velora.com;198;2024/10/18;1;236,06;107
RES012410;2024/10/16;At the hotel;484;2024/10/20;1;151,8;104
RES012411;2024/09/14;App;294;2024/09/14;1;109,09;101
RES012412;2024/10/08;At the hotel;194;2024/10/10;1;180,48;109
RES012413;2024/08/23;GDS;214;2024/09/11;3;230,83;102
RES012414;2024/10/27;App;126;2024/10/27;1;139,41;108
RES012415;2024/09/26;GDS;208;2024/10/01;2;145,59;103
RES012416;2024/09/24;Phone;36;2024/10/03;2;124,2;104
RES012417;2024/08/30;Phone;374;2024/09/06;3;198,38;110
RES012418;2024/09/11;At the hotel;54;2024/09/14;1;163,63;104
RES012419;2024/09/24;Velora.com;477;2024/10/26;2;162,43;105
RES012420;2024/08/08;Velora.com;313;2024/09/18;2;186,98;103
RES012421;2024/09/26;GDS;476;2024/10/01;1;169,53;110
RES012422;2024/09/27;GDS;495;2024/11/19;2;128,01;107
RES012423;2024/10/04;App;102;2024/10/05;1;150,37;107
RES012424;2024/10/06;At the hotel;446;2024/10/08;2;70,54;107
RES012425;2024/09/01;Velora.com;286;2024/11/01;5;192,51;102
RES012426;2024/09/21;At the hotel;196;2024/09/25;1;33,76;103
RES012427;2024/09/10;At the hotel;423;2024/09/25;1;162,78;106
RES012428;2024/09/12;GDS;473;2024/09/21;1;82,6;106
RES012429;2024/09/30;Phone;54;2024/10/03;2;165,19;108
RES012430;2024/09/18;Velora.com;279;2024/09/26;2;194,98;110
RES012431;2024/08/17;Velora.com;498;2024/09/05;4;33,71;103
RES012432;2024/03/27;GDS;19;2024/10/07;2;290,9;103
RES012433;2024/10/27;GDS;359;2024/10/28;3;145,48;108
RES012434;2024/10/06;GDS;297;2024/10/12;1;114,46;107
RES012435;2024/09/23;Velora.com;194;2024/09/29;1;112,17;106
RES012436;2024/09/28;App;181;2024/09/30;1;160,92;105
RES012437;2024/09/20;Phone;151;2024/10/08;1;192,93;106
RES012438;2024/10/02;At the hotel;276;2024/10/28;1;144,28;102
RES012439;2024/10/09;At the hotel;380;2024/10/16;5;162,78;110
RES012440;2024/09/05;At the hotel;436;2024/09/11;2;70,48;110
RES012441;2023/11/09;Velora.com;434;2024/09/28;2;105,28;108
RES012442;2024/10/25;App;8;2024/10/25;2;213,73;108
RES012443;2024/06/06;App;85;2024/09/08;1;218,18;101
RES012444;2024/09/18;GDS;298;2024/09/30;4;175,15;102
RES012445;2024/09/07;GDS;45;2024/09/10;3;175,75;110
RES012446;2024/09/06;App;239;2024/09/06;1;160,85;103
RES012447;2024/09/28;At the hotel;138;2024/09/29;2;126,61;104
RES012448;2024/09/11;Velora.com;247;2024/10/08;3;223,87;106
RES012449;2024/10/06;At the hotel;334;2024/10/09;1;72,28;102
RES012450;2024/09/20;Velora.com;85;2024/09/30;2;102,41;109
RES012451;2024/10/15;At the hotel;319;2024/10/17;2;132,53;106
RES012452;2024/10/04;At the hotel;430;2024/10/09;3;174,33;105
RES012453;2024/09/22;Phone;470;2024/10/22;2;108,43;105
RES012454;2024/05/26;App;118;2024/09/14;2;161,21;107
RES012456;2024/10/21;GDS;104;2024/10/23;1;212,81;107
RES012457;2024/09/28;Phone;128;2024/11/04;2;158,79;106
RES012458;2024/09/06;Phone;256;2024/09/29;3;161,21;101
RES012459;2024/09/22;Velora.com;25;2024/09/24;1;170,85;105
RES012460;2024/08/08;GDS;328;2024/09/20;1;117,87;104
RES012461;2024/09/27;Phone;353;2024/09/30;2;114,46;101
RES012462;2024/10/15;At the hotel;374;2024/11/17;4;34,2;104
RES012463;2024/09/23;Velora.com;53;2024/10/08;2;218,41;101
RES012464;2024/05/06;GDS;171;2024/10/12;2;115,15;103
RES012465;2024/10/09;Velora.com;427;2024/10/10;4;140,96;103
RES012466;2024/10/15;Velora.com;458;2024/10/18;2;120,58;103
RES012467;2024/10/28;Velora.com;320;2024/10/30;1;133,57;107
RES012468;2024/10/01;App;387;2024/10/05;2;104,33;109
RES012469;2024/09/29;Velora.com;371;2024/10/28;2;0;103
RES012470;2024/10/16;Velora.com;471;2024/10/18;1;33,78;110
RES012471;2024/09/24;GDS;116;2024/10/10;2;135,4;104
RES012472;2024/10/02;GDS;264;2024/10/15;3;208,87;110
RES012473;2024/09/21;At the hotel;109;2024/09/22;1;152,66;101
RES012474;2024/09/07;Velora.com;116;2024/09/07;1;137,46;107
RES012475;2024/09/12;Velora.com;388;2024/09/19;3;193,41;104
RES012476;2024/09/07;Phone;109;2024/10/04;2;172,72;106
RES012477;2024/08/21;App;285;2024/09/05;2;140,34;103
RES012478;2024/07/27;Velora.com;232;2024/09/06;2;180,87;110
RES012479;2024/10/28;At the hotel;206;2024/10/30;2;170,98;102
RES012481;2024/08/24;App;82;2024/09/21;2;192,37;108
RES012482;2024/08/11;At the hotel;143;2024/10/10;1;105,42;110
RES012483;2024/08/30;Velora.com;267;2024/10/19;2;57,83;103
RES012484;2024/08/25;Velora.com;297;2024/09/08;2;231,63;110
RES012485;2024/09/16;App;269;2024/10/13;2;139,39;101
RES012486;2024/09/17;At the hotel;411;2024/09/21;2;75,9;107
RES012487;2024/08/30;Velora.com;449;2024/09/06;2;123,36;105
RES012488;2024/10/08;Velora.com;27;2024/10/18;1;133,94;102
RES012489;2024/06/24;App;406;2024/11/03;2;224,83;107
RES012490;2024/10/02;At the hotel;494;2024/10/05;1;149,4;110
RES012491;2024/08/17;Velora.com;445;2024/09/25;3;271,54;104
RES012492;2024/09/11;At the hotel;118;2024/09/11;2;172,55;107
RES012493;2024/09/14;GDS;463;2024/10/08;2;184,87;105
RES012494;2024/10/14;At the hotel;496;2024/11/15;1;162,65;109
RES012495;2024/10/07;GDS;153;2024/10/08;4;180,35;106
RES012496;2024/10/02;Velora.com;342;2024/10/02;1;118,07;106
RES012497;2024/09/10;GDS;224;2024/09/12;1;107,53;102
RES012498;2024/07/16;GDS;315;2024/10/29;1;215,06;104
RES012499;2024/08/25;Velora.com;122;2024/10/16;1;33,99;108
RES012500;2024/08/16;Velora.com;49;2024/10/29;2;212,53;102
RES012501;2024/09/30;Velora.com;292;2024/10/04;2;123,63;105
RES012502;2024/08/01;GDS;89;2024/10/08;1;190,34;106
RES012503;2024/09/14;App;121;2024/10/21;2;262,65;109
RES012504;2024/10/14;Velora.com;57;2024/11/17;1;122,64;102
RES012505;2024/09/15;At the hotel;61;2024/09/17;1;204,82;106
RES012506;2024/10/04;At the hotel;83;2024/10/18;3;33,73;103
RES012507;2024/09/02;Velora.com;215;2024/10/11;1;149,39;110
RES012508;2024/10/05;GDS;43;2024/10/08;1;117,76;105
RES012509;2024/10/02;Phone;275;2024/11/03;2;134,64;104
RES012510;2024/09/06;App;68;2024/09/07;1;132,64;102
RES012511;2024/09/22;Velora.com;226;2024/09/29;2;159,06;108
RES012512;2024/08/01;Phone;253;2024/10/03;2;105,51;108
RES012513;2024/09/13;GDS;384;2024/09/16;1;100,84;106
RES012514;2024/08/19;GDS;137;2024/09/19;1;156,61;103
RES012515;2024/09/08;Velora.com;101;2024/09/10;4;129,58;104
RES012516;2024/09/05;At the hotel;152;2024/10/06;1;175,87;107
RES012517;2024/10/12;Phone;477;2024/10/12;1;130,11;110
RES012518;2024/09/09;At the hotel;402;2024/10/17;3;33,76;104
RES012519;2024/09/25;Velora.com;212;2024/10/15;2;214,64;102
RES012520;2024/10/11;Velora.com;249;2024/10/13;1;147,39;102
RES012521;2024/09/17;GDS;221;2024/10/22;2;174,08;101
RES012522;2024/10/01;At the hotel;168;2024/10/04;1;156,61;103
RES012523;2024/09/04;Phone;41;2024/09/11;2;144,05;109
RES012524;2024/09/06;GDS;219;2024/09/14;2;112,65;101
RES012525;2024/10/03;Velora.com;13;2024/10/20;2;173,55;104
RES012526;2024/09/06;GDS;74;2024/09/09;2;112,05;105
RES012527;2024/09/17;At the hotel;350;2024/09/18;2;162,65;110
RES012528;2024/05/01;Phone;437;2024/09/06;2;194,17;106
RES012529;2024/07/30;Velora.com;178;2024/10/20;3;177,09;106
RES012530;2024/07/21;Velora.com;258;2024/09/23;1;171,07;106
RES012531;2024/10/15;At the hotel;5;2024/10/19;1;144,58;103
RES012532;2024/09/27;Velora.com;122;2024/09/30;2;142,54;107
RES012533;2024/08/31;At the hotel;203;2024/09/18;1;143,36;108
RES012534;2024/07/27;GDS;148;2024/09/02;1;157,57;103
RES012535;2024/09/03;Velora.com;342;2024/09/11;2;145,62;101
RES012536;2024/09/02;Velora.com;376;2024/09/07;2;93,97;102
RES012537;2024/10/20;App;80;2024/11/20;1;123,07;102
RES012538;2024/10/03;Phone;27;2024/10/23;1;186,5;104
RES012539;2024/09/04;App;470;2024/09/07;1;156,62;110
RES012540;2024/09/22;Velora.com;201;2024/10/01;1;161,58;105
RES012541;2024/10/24;At the hotel;473;2024/10/26;1;62,65;108
RES012542;2024/07/16;Velora.com;106;2024/09/19;3;106,06;103
RES012543;2024/10/17;App;489;2024/10/19;1;156,75;107
RES012544;2024/08/31;GDS;194;2024/09/30;2;133,33;104
RES012545;2024/08/14;Velora.com;315;2024/10/21;1;209,94;108
RES012546;2024/08/31;Phone;262;2024/09/28;2;152,95;110
RES012547;2024/10/18;Phone;196;2024/10/25;1;139,51;108
RES012548;2024/05/31;Velora.com;135;2024/10/16;1;183,2;106
RES012549;2024/09/01;At the hotel;4;2024/09/08;4;72,35;104
RES012550;2024/09/06;Velora.com;246;2024/09/27;2;152,71;102
RES012551;2024/06/27;Velora.com;268;2024/09/06;3;59,34;103
RES012552;2024/09/30;At the hotel;215;2024/10/01;2;126,61;107
RES012553;2024/09/19;Phone;445;2024/10/09;4;186,52;109
RES012554;2024/09/11;At the hotel;206;2024/09/11;1;70,48;108
RES012555;2024/09/22;Connected Wholesaler;24;2024/09/26;1;206,8;101
RES012556;2024/10/28;At the hotel;422;2024/10/31;2;163,63;105
RES012557;2024/10/09;At the hotel;217;2024/10/10;1;155,44;107
RES012558;2024/09/04;Velora.com;26;2024/10/03;1;144,28;105
RES012559;2024/09/07;Velora.com;85;2024/09/11;3;107,53;101
RES012560;2024/09/16;Phone;292;2024/10/09;1;132,53;108
RES012561;2024/09/06;At the hotel;360;2024/09/07;3;175,87;104
RES012562;2024/10/15;GDS;46;2024/10/16;2;117,74;107
RES012563;2024/09/04;At the hotel;31;2024/09/07;3;137,19;103
RES012564;2024/08/30;GDS;47;2024/09/16;1;330,16;106
RES012565;2024/09/15;Velora.com;167;2024/09/20;2;137,46;110
RES012566;2024/09/29;Velora.com;182;2024/10/03;1;266,47;106
RES012567;2024/09/15;At the hotel;217;2024/09/19;1;132,53;107
RES012568;2024/07/01;GDS;271;2024/10/05;2;139,71;107
RES012569;2024/10/15;GDS;169;2024/10/31;2;138,78;101
RES012570;2024/09/08;At the hotel;5;2024/09/10;2;174,84;108
RES012571;2024/09/11;Velora.com;455;2024/09/12;1;132,14;106
RES012572;2024/09/24;Velora.com;81;2024/09/24;2;33,81;105
RES012573;2024/10/03;Velora.com;448;2024/10/07;1;141,67;107
RES012574;2024/09/17;Velora.com;236;2024/10/16;1;189,07;106
RES012575;2024/09/04;At the hotel;14;2024/09/08;2;216,58;109
RES012576;2024/09/01;Phone;174;2024/09/09;2;128,5;110
RES012577;2024/09/10;Velora.com;189;2024/10/15;2;148,89;105
RES012578;2024/09/21;Phone;453;2024/10/08;2;150,6;104
RES012579;2024/09/30;At the hotel;306;2024/10/04;1;108,73;104
RES012580;2024/10/14;App;425;2024/10/14;1;254,6;104
RES012581;2024/10/12;GDS;9;2024/10/12;1;149,34;104
RES012582;2024/08/28;At the hotel;385;2024/09/23;2;72,29;106
RES012583;2024/10/22;Connected Wholesaler;9;2024/10/31;1;72,82;105
RES012584;2024/09/15;Velora.com;487;2024/09/15;4;43,37;105
RES012585;2024/09/03;Phone;83;2024/10/30;1;162,63;104
RES012586;2024/09/26;App;275;2024/10/02;2;118,09;106
RES012587;2024/09/05;At the hotel;216;2024/09/07;1;154,21;109
RES012588;2024/09/30;At the hotel;227;2024/10/03;2;126,61;106
RES012589;2024/09/30;Velora.com;32;2024/11/01;2;130,66;107
RES012590;2024/10/22;Velora.com;365;2024/10/22;1;129,88;101
RES012592;2024/09/28;At the hotel;252;2024/10/28;4;149,4;109
RES012593;2024/09/18;GDS;344;2024/09/25;2;117,77;103
RES012594;2024/09/12;At the hotel;77;2024/10/13;1;173,26;102
RES012595;2024/09/12;Velora.com;4;2024/10/03;4;215,07;107
RES012596;2024/08/19;GDS;116;2024/09/23;1;174,33;104
RES012597;2024/10/28;At the hotel;196;2024/10/28;1;126,61;101
RES012598;2024/09/16;Velora.com;421;2024/09/17;2;180,87;103
RES012599;2024/09/24;GDS;482;2024/10/30;1;107,53;102
RES012600;2024/09/14;Velora.com;364;2024/10/03;3;182,99;108
RES012601;2024/08/29;Velora.com;297;2024/10/13;2;160,37;105
RES012602;2024/09/01;At the hotel;249;2024/09/05;2;33,76;109
RES012603;2024/09/30;Velora.com;471;2024/10/04;3;125,89;105
RES012604;2024/07/15;GDS;453;2024/09/30;2;133,33;105
RES012605;2024/09/01;Velora.com;289;2024/11/02;4;137,35;104
RES012606;2024/10/19;Connected Wholesaler;56;2024/11/23;2;139,77;103
RES012607;2024/07/01;GDS;219;2024/09/29;3;168,67;103
RES012608;2024/10/14;Velora.com;359;2024/10/17;1;170,98;107
RES012609;2024/10/03;Velora.com;314;2024/10/06;1;100,35;104
RES012610;2024/09/08;Velora.com;213;2024/10/14;2;189,06;108
RES012611;2024/07/18;GDS;14;2024/10/02;3;150,73;103
RES012612;2024/10/03;Velora.com;298;2024/10/14;1;171,19;105
RES012613;2024/09/27;At the hotel;467;2024/09/28;1;0;110
RES012614;2024/09/18;GDS;396;2024/10/10;1;158,77;102
RES012615;2024/09/06;Other;82;2024/11/16;3;161,74;104
RES012616;2024/08/21;At the hotel;149;2024/09/29;1;0;105
RES012617;2024/10/09;App;64;2024/10/18;1;149,57;106
RES012618;2024/08/30;Velora.com;244;2024/09/11;1;206,79;106
RES012619;2024/09/18;App;78;2024/09/19;1;173,06;109
RES012620;2024/09/11;Velora.com;256;2024/10/03;1;187,9;107
RES012621;2024/05/29;Connected Wholesaler;351;2024/10/28;2;153,97;106
RES012622;2024/09/23;Phone;337;2024/09/27;2;139,51;106
RES012623;2024/09/10;Velora.com;323;2024/09/17;1;180,48;110
RES012624;2024/09/18;Connected Wholesaler;90;2024/09/19;1;302,98;105
RES012625;2024/08/03;GDS;211;2024/10/11;1;120,48;108
RES012626;2024/09/13;At the hotel;339;2024/09/13;2;193,11;109
RES012627;2024/10/11;GDS;221;2024/10/28;1;159,02;101
RES012628;2024/08/19;App;323;2024/09/07;2;113,55;109
RES012629;2024/10/16;At the hotel;202;2024/10/17;1;120,23;105
RES012630;2024/09/08;Velora.com;234;2024/09/22;2;162,78;110
RES012631;2024/10/14;At the hotel;177;2024/10/14;2;122,89;103
RES012632;2024/10/04;At the hotel;126;2024/10/12;1;33,66;108
RES012633;2024/10/03;At the hotel;284;2024/10/04;1;132,53;107
RES012634;2024/09/12;App;451;2024/09/21;5;89,42;104
RES012635;2024/10/22;GDS;222;2024/10/24;3;82,6;106
RES012636;2024/09/29;At the hotel;5;2024/09/30;3;63,3;109
RES012637;2024/10/06;At the hotel;402;2024/10/25;2;151,8;109
RES012638;2024/09/06;App;196;2024/09/15;1;204,54;107
RES012639;2024/08/30;App;256;2024/10/04;1;163,85;102
RES012640;2024/10/10;At the hotel;141;2024/10/12;4;173,26;104
RES012641;2024/10/22;At the hotel;199;2024/10/25;2;34,2;110
RES012642;2024/09/04;Velora.com;6;2024/09/17;2;200,9;104
RES012643;2024/09/05;GDS;131;2024/09/10;1;143,49;103
RES012644;2024/09/14;GDS;220;2024/10/24;1;157,52;103
RES012645;2024/09/07;Velora.com;44;2024/10/08;1;78,79;103
RES012646;2024/10/20;Connected Wholesaler;440;2024/10/21;1;107,15;104
RES012647;2024/10/01;GDS;466;2024/10/02;2;117,03;101
RES012648;2024/09/20;App;267;2024/09/30;2;160,53;108
RES012649;2024/09/10;App;203;2024/09/19;2;198,96;105
RES012650;2024/09/08;Connected Wholesaler;405;2024/09/08;1;118,17;106
RES012651;2024/07/05;Velora.com;150;2024/09/06;1;260,39;108
RES012652;2024/09/04;GDS;354;2024/09/17;3;138,55;106
RES012653;2024/09/12;Velora.com;221;2024/09/17;2;219,26;110
RES012654;2024/08/28;App;384;2024/09/11;2;256,02;110
RES012655;2024/09/26;At the hotel;197;2024/10/02;1;118,49;105
RES012656;2024/08/15;Phone;222;2024/09/18;2;132,53;101
RES012657;2024/09/04;Connected Wholesaler;242;2024/09/05;1;110,24;107
RES012658;2024/09/09;At the hotel;112;2024/09/28;3;0;106
RES012659;2024/09/20;Velora.com;340;2024/09/22;2;45,78;107
RES012660;2024/09/08;GDS;162;2024/10/23;1;166,07;102
RES012661;2024/08/17;Velora.com;39;2024/09/29;3;118,8;109
RES012662;2024/09/16;At the hotel;204;2024/10/16;2;131,32;101
RES012663;2024/10/02;Velora.com;16;2024/10/14;3;262,73;108
RES012664;2024/09/18;GDS;311;2024/10/21;1;209,09;108
RES012665;2024/09/04;GDS;122;2024/09/22;2;100,36;104
RES012666;2024/10/17;App;450;2024/10/18;2;102,05;109
RES012667;2024/09/01;Phone;371;2024/09/22;2;152,4;105
RES012668;2024/08/15;GDS;332;2024/09/14;2;164,19;104
RES012669;2024/10/20;At the hotel;429;2024/10/25;2;180,35;104
RES012670;2024/10/13;App;440;2024/10/17;2;148,47;101
RES012671;2024/09/08;Velora.com;226;2024/10/26;2;166,1;105
RES012672;2024/09/19;GDS;178;2024/10/09;2;201,8;110
RES012673;2024/10/18;GDS;154;2024/10/28;1;116,58;103
RES012674;2024/10/23;App;485;2024/10/24;2;132,53;103
RES012675;2024/09/20;Connected Wholesaler;57;2024/09/20;4;86,75;108
RES012676;2024/09/02;GDS;245;2024/10/25;1;133,13;110
RES012677;2024/09/07;At the hotel;66;2024/09/10;5;70,48;109
RES012678;2024/07/01;GDS;480;2024/09/06;1;195,05;106
RES012679;2024/10/03;Velora.com;241;2024/10/07;4;123,24;107
RES012680;2024/09/12;GDS;495;2024/09/20;2;128,12;107
RES012681;2024/09/05;App;80;2024/09/20;3;199,32;103
RES012682;2024/10/30;GDS;34;2024/12/01;2;117,76;107
RES012683;2024/09/28;GDS;11;2024/10/31;5;128,74;102
RES012684;2024/10/27;At the hotel;464;2024/10/28;2;157;107
RES012685;2024/08/19;GDS;23;2024/09/25;1;130,5;104
RES012686;2024/09/27;At the hotel;62;2024/10/01;1;190,11;108
RES012687;2024/09/27;GDS;472;2024/10/17;1;180,71;104
RES012688;2024/10/07;GDS;238;2024/10/09;1;145,45;101
RES012689;2024/09/08;Connected Wholesaler;256;2024/09/10;4;173,33;107
RES012690;2024/09/19;Connected Wholesaler;347;2024/10/10;2;139,95;110
RES012691;2024/10/07;GDS;361;2024/10/21;2;192,37;109
RES012692;2024/09/02;App;302;2024/09/16;2;206,92;105
RES012693;2024/10/17;App;469;2024/10/26;3;127,21;110
RES012694;2024/09/20;GDS;420;2024/09/30;2;132,52;108
RES012695;2024/08/20;At the hotel;265;2024/09/14;1;140,38;108
RES012696;2024/09/08;At the hotel;285;2024/10/01;2;62,64;106
RES012697;2024/10/07;App;124;2024/10/20;1;122,88;103
RES012698;2024/09/28;GDS;140;2024/09/30;1;153,48;104
RES012699;2024/09/22;Velora.com;277;2024/10/10;1;147,59;110
RES012700;2024/10/13;At the hotel;297;2024/10/14;1;174,68;108
RES012701;2024/09/10;Phone;60;2024/09/27;2;140,96;105
RES012702;2024/09/07;GDS;50;2024/09/10;2;163,63;110
RES012703;2024/09/25;At the hotel;248;2024/09/25;2;77,37;103
RES012704;2024/10/01;At the hotel;56;2024/10/03;2;126,61;101
RES012705;2024/10/12;Phone;77;2024/11/22;3;133,84;108
RES012706;2024/10/02;App;130;2024/10/07;4;170,86;110
RES012707;2024/08/23;GDS;366;2024/09/24;1;189,44;107
RES012708;2024/10/13;At the hotel;49;2024/10/30;5;152,72;108
RES012709;2024/09/16;App;135;2024/09/16;2;126,5;109
RES012710;2024/10/02;Velora.com;228;2024/10/19;1;151,14;103
RES012711;2024/09/04;At the hotel;199;2024/09/17;1;156,61;103
RES012712;2024/09/28;Phone;252;2024/10/18;3;122,89;105
RES012713;2024/09/27;Velora.com;225;2024/10/27;1;230,43;110
RES012714;2024/09/04;Phone;215;2024/09/05;2;244,55;102
RES012715;2024/09/29;Velora.com;341;2024/10/04;2;144,56;103
RES012716;2024/09/08;Velora.com;110;2024/09/15;1;123,73;110
RES012717;2024/09/29;Velora.com;439;2024/10/03;1;163,6;110
RES012718;2024/09/21;Velora.com;151;2024/11/05;4;208,84;102
RES012719;2024/08/18;GDS;154;2024/09/28;2;144,03;102
RES012720;2024/09/11;GDS;271;2024/10/13;2;138,67;105
RES012721;2024/10/29;At the hotel;145;2024/10/29;2;78,59;105
RES012722;2024/08/31;GDS;390;2024/09/17;3;180;105
RES012723;2024/09/18;At the hotel;464;2024/09/20;1;168,66;104
RES012724;2024/10/11;At the hotel;387;2024/10/17;2;33,73;109
RES012725;2024/09/12;Velora.com;393;2024/10/17;2;137,43;101
RES012726;2024/10/08;Velora.com;49;2024/10/11;2;99,1;106
RES012727;2024/08/25;Velora.com;365;2024/09/21;1;132,52;109
RES012728;2024/08/27;At the hotel;294;2024/10/26;1;105,42;105
RES012729;2024/07/09;Phone;205;2024/09/13;2;203,01;102
RES012730;2024/10/04;Connected Wholesaler;98;2024/10/09;2;100,52;110
RES012731;2024/09/16;At the hotel;209;2024/09/20;2;132,53;109
RES012732;2024/09/06;App;486;2024/09/09;3;132,89;108
RES012733;2024/10/22;At the hotel;276;2024/10/30;3;105,42;103
RES012734;2024/09/28;Connected Wholesaler;108;2024/10/11;1;123,78;104
RES012735;2024/08/28;GDS;215;2024/09/11;1;169,69;104
RES012736;2024/09/24;GDS;245;2024/10/17;1;187,88;105
RES012737;2024/09/19;Phone;140;2024/09/20;1;163,84;104
RES012738;2024/10/07;At the hotel;73;2024/10/20;1;33,76;102
RES012739;2024/09/11;Velora.com;269;2024/10/21;2;153,6;110
RES012740;2024/09/16;GDS;378;2024/10/23;1;145,59;109
RES012741;2024/10/11;At the hotel;418;2024/10/13;1;70,91;110
RES012742;2024/09/10;GDS;485;2024/09/25;1;212,12;109
RES012743;2024/10/11;At the hotel;82;2024/10/26;1;0;104
RES012744;2024/06/27;GDS;269;2024/10/24;1;164,88;101
RES012745;2024/10/02;At the hotel;52;2024/10/04;2;149,4;103
RES012746;2024/09/08;At the hotel;88;2024/09/15;3;70,91;110
RES012747;2024/10/18;App;378;2024/11/19;2;126,5;101
RES012748;2024/09/28;Phone;181;2024/10/23;2;178,91;104
RES012749;2024/09/24;At the hotel;316;2024/09/27;1;282,75;107
RES012750;2024/08/29;App;299;2024/09/06;1;196,66;110
RES012751;2024/07/11;Velora.com;478;2024/10/10;1;174,09;110
RES012752;2024/09/26;At the hotel;170;2024/10/02;2;198,96;104
RES012753;2024/10/07;Phone;76;2024/10/17;2;176,05;103
RES012754;2024/09/25;Velora.com;122;2024/10/26;1;111,85;110
RES012755;2024/09/07;Velora.com;27;2024/09/11;3;247,43;107
RES012756;2024/09/03;At the hotel;307;2024/09/05;2;192,75;101
RES012757;2024/09/12;GDS;89;2024/09/25;2;144,58;104
RES012758;2024/09/28;Phone;48;2024/10/04;2;130,12;110
RES012760;2024/09/13;At the hotel;172;2024/09/14;1;0;107
RES012761;2024/09/01;At the hotel;113;2024/09/04;2;0;103
RES012762;2024/09/06;GDS;282;2024/10/16;5;190,36;103
RES012763;2024/08/13;Velora.com;164;2024/09/26;3;212,7;107
RES012764;2024/07/16;App;471;2024/09/29;1;141,47;106
RES012765;2024/09/02;GDS;314;2024/10/09;1;141,29;102
RES012766;2024/09/19;At the hotel;262;2024/09/21;1;77,43;103
RES012767;2024/10/08;Velora.com;35;2024/10/11;2;127,24;107
RES012768;2024/10/16;At the hotel;232;2024/10/18;2;132,53;109
RES012769;2024/09/29;Velora.com;324;2024/10/01;1;193,96;104
RES012770;2024/09/10;Phone;200;2024/09/16;1;111,02;103
RES012771;2024/08/25;Velora.com;156;2024/10/06;1;172,83;108
RES012772;2023/11/23;Velora.com;148;2024/10/18;1;193,97;110
RES012773;2024/10/08;Velora.com;277;2024/10/16;1;178,18;104
RES012774;2024/10/20;GDS;294;2024/10/24;1;129,52;108
RES012775;2024/10/23;GDS;200;2024/10/30;1;166,09;106
RES012776;2024/09/12;Velora.com;461;2024/09/13;5;125,89;108
RES012777;2024/09/28;Phone;308;2024/10/25;1;166,4;102
RES012778;2024/09/27;Phone;131;2024/10/21;2;151,8;106
RES012779;2024/08/21;GDS;429;2024/09/22;2;140,45;103
RES012780;2024/09/19;At the hotel;497;2024/10/26;1;0;102
RES012781;2024/08/27;App;459;2024/10/12;1;232,34;109
RES012782;2024/09/08;At the hotel;229;2024/10/03;1;33,73;105
RES012783;2024/09/25;At the hotel;312;2024/10/09;2;138,55;103
RES012784;2024/09/12;Velora.com;356;2024/09/14;2;161,21;106
RES012785;2024/10/31;Velora.com;404;2024/10/31;3;148,79;105
RES012786;2024/10/17;GDS;436;2024/10/22;2;117,74;110
RES012787;2024/09/10;Velora.com;401;2024/10/07;1;218,41;109
RES012788;2024/09/13;At the hotel;357;2024/09/13;2;159,91;102
RES012789;2024/10/04;Velora.com;484;2024/10/06;1;118,07;101
RES012790;2024/09/01;Velora.com;33;2024/09/26;1;33,99;102
RES012791;2024/09/09;GDS;175;2024/09/09;1;112,64;101
RES012792;2024/10/16;Velora.com;239;2024/11/04;2;33,99;102
RES012793;2024/09/17;At the hotel;95;2024/09/21;3;102,41;104
RES012794;2024/10/12;Phone;20;2024/10/14;1;168,81;106
RES012795;2024/07/25;GDS;338;2024/09/30;1;207,11;108
RES012796;2024/09/10;Connected Wholesaler;234;2024/09/10;1;293,28;103
RES012797;2024/08/28;App;139;2024/09/16;1;250;102
RES012798;2024/10/02;At the hotel;422;2024/10/05;2;70,91;110
RES012799;2024/08/03;GDS;32;2024/10/08;1;220,7;103
RES012800;2024/10/17;Velora.com;249;2024/10/18;2;115,15;102
RES012801;2024/10/02;Velora.com;223;2024/10/04;1;123,26;104
RES012802;2024/10/09;Velora.com;228;2024/10/27;1;188,66;105
RES012803;2024/07/13;GDS;205;2024/09/14;1;153,84;107
RES012804;2024/07/21;Velora.com;184;2024/09/27;2;118,07;101
RES012805;2024/08/31;Velora.com;145;2024/10/31;3;212,51;110
RES012806;2024/09/18;App;102;2024/09/18;2;173,13;109
RES012807;2024/10/26;At the hotel;284;2024/11/27;2;76,99;106
RES012808;2024/09/14;Connected Wholesaler;346;2024/09/14;1;84,13;102
RES012809;2024/09/20;GDS;44;2024/10/04;1;170,98;104
RES012810;2024/09/10;GDS;1;2024/10/26;1;171,93;106
RES012811;2024/09/27;App;13;2024/09/28;2;162,31;103
RES012812;2024/10/14;App;398;2024/10/26;2;119,98;109
RES012813;2024/07/23;GDS;337;2024/09/06;1;141,26;107
RES012814;2024/10/15;Velora.com;409;2024/10/19;1;103,03;106
RES012815;2024/09/19;At the hotel;373;2024/10/07;1;110,32;106
RES012816;2024/09/03;GDS;122;2024/09/11;1;117,03;105
RES012817;2024/08/19;GDS;418;2024/10/19;1;159,66;103
RES012818;2024/08/20;GDS;344;2024/10/05;2;291,48;107
RES012819;2024/09/27;Velora.com;433;2024/09/27;2;160,24;107
RES012820;2024/09/26;At the hotel;21;2024/11/01;2;144,7;108
RES012821;2024/09/11;Velora.com;27;2024/10/02;2;264,99;109
RES012822;2024/10/20;Velora.com;96;2024/10/26;1;120,48;110
RES012823;2024/10/21;At the hotel;154;2024/10/21;3;62,65;102
RES012824;2024/10/03;Velora.com;329;2024/10/12;3;126,66;107
RES012825;2024/07/31;Velora.com;467;2024/11/13;3;183,2;110
RES012826;2024/10/24;Velora.com;399;2024/10/24;2;115,71;107
RES012827;2024/10/04;GDS;451;2024/10/11;1;132,53;102
RES012828;2024/09/01;Connected Wholesaler;356;2024/09/08;2;180,71;102
RES012829;2024/09/21;At the hotel;61;2024/10/22;3;0;101
RES012830;2024/10/02;At the hotel;13;2024/10/04;1;156,61;110
RES012831;2024/08/31;GDS;132;2024/10/02;2;147,8;110
RES012832;2024/09/04;App;477;2024/10/07;3;114,45;106
RES012833;2024/09/02;GDS;255;2024/09/08;3;116,79;104
RES012834;2024/08/20;GDS;224;2024/10/05;2;152,95;102
RES012835;2024/09/16;App;253;2024/10/12;1;124,21;107
RES012836;2024/06/12;App;80;2024/10/02;2;329,21;107
RES012837;2024/08/31;App;385;2024/09/19;2;206,92;110
RES012838;2024/10/06;At the hotel;308;2024/10/06;2;159,53;105
RES012839;2024/10/31;At the hotel;280;2024/10/31;4;119,28;105
RES012840;2024/09/15;GDS;349;2024/09/17;1;300,8;102
RES012841;2024/09/15;Phone;89;2024/09/28;5;140,95;101
RES012842;2024/09/26;GDS;410;2024/10/04;1;134,93;106
RES012843;2024/10/21;At the hotel;26;2024/10/27;1;33,73;103
RES012844;2024/09/21;At the hotel;430;2024/09/22;2;222,59;105
RES012845;2024/09/12;GDS;61;2024/09/16;2;180,35;105
RES012846;2024/09/14;Velora.com;322;2024/09/25;1;33,78;101
RES012847;2024/08/31;GDS;298;2024/09/04;1;212,81;107
RES012848;2024/07/04;Velora.com;252;2024/09/28;4;203,04;110
RES012849;2024/10/02;GDS;17;2024/10/02;1;174,7;109
RES012850;2024/10/04;GDS;32;2024/10/29;1;168,81;102
RES012851;2024/09/10;App;46;2024/09/10;1;150,6;108
RES012852;2024/10/03;At the hotel;274;2024/10/05;2;149,4;101
RES012853;2024/10/10;At the hotel;306;2024/10/10;2;174,54;106
RES012854;2024/09/06;GDS;178;2024/11/20;1;138,25;110
RES012855;2024/10/08;App;273;2024/10/09;2;165,4;106
RES012856;2024/09/21;Phone;341;2024/10/01;2;151,83;104
RES012857;2024/08/30;App;442;2024/09/14;2;142,5;103
RES012858;2024/03/03;GDS;259;2024/10/16;2;106,06;107
RES012859;2024/10/16;At the hotel;38;2024/11/16;1;136,6;108
RES012860;2024/07/27;GDS;482;2024/09/15;2;258,49;104
RES012861;2024/08/16;Phone;415;2024/09/09;2;184,66;103
RES012862;2024/09/23;GDS;294;2024/10/11;1;168,06;105
RES012863;2024/10/24;GDS;382;2024/10/27;1;203,47;101
RES012864;2024/06/04;At the hotel;315;2024/10/03;3;139,76;106
RES012865;2024/10/24;At the hotel;75;2024/10/28;1;62,65;104
RES012866;2024/10/03;At the hotel;458;2024/10/03;1;210,84;101
RES012867;2024/07/21;Velora.com;60;2024/10/05;1;140,24;103
RES012868;2024/10/08;App;314;2024/10/08;3;151,2;109
RES012869;2024/10/13;At the hotel;213;2024/10/17;1;132,53;104
RES012870;2024/10/08;Velora.com;48;2024/11/09;2;163,72;105
RES012871;2024/09/14;GDS;343;2024/09/15;1;112,65;103
RES012872;2024/09/07;Velora.com;47;2024/09/08;3;114,43;102
RES012873;2024/10/27;At the hotel;109;2024/10/29;2;134,56;108
RES012874;2024/09/02;GDS;243;2024/09/11;2;156,15;103
RES012875;2024/09/07;Velora.com;468;2024/10/04;1;150,09;103
RES012876;2024/09/03;App;457;2024/09/14;3;158,42;105
RES012877;2024/10/12;GDS;434;2024/10/16;2;168,67;106
RES012878;2024/10/17;At the hotel;430;2024/10/21;1;77,43;102
RES012879;2024/09/06;At the hotel;123;2024/09/14;1;33,73;102
RES012880;2024/08/16;GDS;302;2024/10/03;1;203,54;110
RES012881;2024/10/09;GDS;406;2024/11/27;1;236,12;104
RES012882;2024/10/27;Phone;261;2024/11/29;4;123,97;106
RES012883;2024/09/11;Connected Wholesaler;225;2024/09/12;3;120;107
RES012884;2024/09/03;At the hotel;321;2024/09/05;2;126,61;104
RES012885;2024/04/30;At the hotel;211;2024/09/15;1;112,05;102
RES012886;2024/08/12;Velora.com;52;2024/09/16;3;148,89;103
RES012887;2024/07/11;Velora.com;29;2024/10/04;3;140,06;107
RES012888;2024/09/06;Connected Wholesaler;106;2024/09/06;1;101,2;106
RES012889;2024/10/14;App;244;2024/10/17;1;181,62;107
RES012890;2024/09/12;GDS;440;2024/09/26;1;168,67;105
RES012891;2024/10/02;Velora.com;376;2024/10/05;1;108,72;103
RES012892;2024/08/09;Velora.com;242;2024/11/01;1;143,07;110
RES012893;2024/09/23;At the hotel;366;2024/09/25;3;146,56;107
RES012894;2024/09/23;At the hotel;298;2024/10/01;4;33,66;104
RES012896;2024/10/22;GDS;58;2024/10/30;1;158,72;109
RES012897;2024/09/03;GDS;241;2024/09/11;2;123,73;107
RES012898;2024/10/03;At the hotel;428;2024/10/04;1;122,13;102
RES012899;2024/09/16;Connected Wholesaler;486;2024/10/06;2;104,82;107
RES012900;2024/05/29;At the hotel;101;2024/09/23;2;133,33;110
RES012901;2024/10/04;Velora.com;455;2024/10/10;1;122,13;110
RES012902;2024/08/16;Velora.com;314;2024/09/03;1;194,87;102
RES012903;2024/09/13;GDS;8;2024/10/26;2;151,49;108
RES012904;2024/09/06;Velora.com;363;2024/09/14;1;33,81;101
RES012905;2024/09/20;App;252;2024/09/21;1;85,84;108
RES012906;2024/09/14;At the hotel;465;2024/09/19;1;144,58;103
RES012907;2024/06/12;Velora.com;178;2024/09/28;4;99,5;104
RES012908;2024/10/12;GDS;421;2024/10/22;1;194,6;101
RES012909;2024/08/25;At the hotel;482;2024/10/01;1;157,57;107
RES012910;2024/09/22;At the hotel;409;2024/10/26;1;146,99;103
RES012911;2024/08/28;Velora.com;46;2024/09/08;2;103,97;105
RES012912;2024/10/04;Velora.com;321;2024/10/05;1;103,97;101
RES012913;2024/09/17;Velora.com;151;2024/10/05;2;88,55;101
RES012914;2024/09/11;Velora.com;473;2024/10/08;2;223,87;105
RES012915;2024/10/01;GDS;295;2024/10/26;1;192,77;107
RES012916;2024/02/15;At the hotel;164;2024/09/29;1;86,54;104
RES012917;2024/09/19;At the hotel;62;2024/09/27;2;70,91;109
RES012918;2024/10/25;At the hotel;437;2024/10/27;1;77,43;103
RES012919;2024/09/10;Phone;277;2024/09/14;1;163,99;102
RES012920;2024/09/27;At the hotel;56;2024/10/07;2;200;106
RES012921;2024/10/17;Velora.com;405;2024/10/21;3;198,96;107
RES012922;2024/08/08;GDS;167;2024/10/06;1;250,56;104
RES012923;2024/09/02;Velora.com;498;2024/09/02;2;0;103
RES012924;2024/09/04;At the hotel;13;2024/09/07;1;222,59;104
RES012925;2024/10/02;GDS;191;2024/10/06;2;118,18;105
RES012926;2024/08/18;Velora.com;454;2024/09/12;2;165,3;103
RES012927;2024/09/26;Phone;246;2024/09/28;3;125,89;106
RES012928;2024/09/14;Velora.com;91;2024/09/14;2;126,75;101
RES012929;2024/09/13;Connected Wholesaler;192;2024/10/09;3;148,69;108
RES012930;2024/10/02;Velora.com;136;2024/10/11;2;177,04;109
RES012931;2024/10/20;App;204;2024/10/29;2;138,55;106
RES012932;2024/09/04;GDS;288;2024/10/14;3;222,43;103
RES012933;2024/08/07;GDS;395;2024/10/03;1;164,88;105
RES012934;2024/09/18;At the hotel;303;2024/10/05;1;99,62;104
RES012935;2024/09/06;Velora.com;212;2024/09/07;1;107,52;102
RES012936;2024/09/08;Velora.com;182;2024/10/12;1;161,74;105
RES012937;2024/05/06;Phone;70;2024/09/04;1;121,68;109
RES012938;2024/09/18;At the hotel;304;2024/09/25;2;142,6;109
RES012939;2024/09/26;At the hotel;89;2024/09/26;2;62,65;107
RES012940;2024/10/11;At the hotel;131;2024/10/17;1;63,03;108
RES012941;2024/09/04;Connected Wholesaler;15;2024/09/18;3;114,31;108
RES012942;2024/09/04;GDS;69;2024/09/18;3;312,83;110
RES012943;2024/09/06;At the hotel;109;2024/09/07;1;179,39;104
RES012944;2024/10/19;At the hotel;492;2024/11/20;1;70,54;104
RES012945;2024/09/27;GDS;245;2024/11/01;1;159,02;101
RES012946;2024/08/25;Velora.com;17;2024/10/27;1;33,78;103
RES012947;2024/09/14;GDS;341;2024/10/10;1;125,99;107
RES012948;2024/08/26;Velora.com;343;2024/10/29;2;128,01;109
RES012949;2024/10/12;GDS;326;2024/10/21;1;132,53;105
RES012950;2024/09/20;App;423;2024/09/21;1;143,49;107
RES012951;2024/09/10;Connected Wholesaler;399;2024/09/11;1;104,82;107
RES012952;2024/10/22;Velora.com;16;2024/10/24;3;158,01;107
RES012953;2024/10/04;Velora.com;70;2024/10/05;3;372,81;110
RES012954;2024/10/18;At the hotel;365;2024/10/19;2;33,94;101
RES012955;2024/09/10;At the hotel;31;2024/09/23;2;151,8;105
RES012956;2024/09/21;Velora.com;420;2024/09/28;1;103,01;108
RES012957;2024/08/16;GDS;15;2024/09/10;1;132,53;102
RES012958;2024/10/09;App;431;2024/10/10;2;143,37;109
RES012959;2024/10/14;GDS;389;2024/11/14;1;134,34;107
RES012960;2024/09/06;At the hotel;149;2024/09/10;4;33,73;101
RES012961;2024/10/02;GDS;223;2024/10/18;1;162,65;109
RES012962;2024/04/07;App;432;2024/09/11;1;319,33;107
RES012963;2024/09/13;Velora.com;6;2024/09/20;2;33,99;106
RES012964;2024/09/14;GDS;162;2024/10/01;3;169,69;107
RES012965;2024/09/13;At the hotel;29;2024/09/14;4;63,03;106
RES012966;2024/08/08;Phone;361;2024/10/23;1;165,55;106
RES012967;2024/08/26;App;470;2024/09/23;2;206,92;101
RES012968;2024/09/28;Velora.com;373;2024/09/29;1;118,79;107
RES012969;2024/09/03;Phone;490;2024/09/16;1;177,92;105
RES012970;2024/08/25;App;59;2024/09/04;2;234,34;103
RES012971;2024/10/04;At the hotel;310;2024/10/04;2;156,75;105
RES012972;2024/10/03;Velora.com;481;2024/10/05;1;0;106
RES012973;2024/09/14;Phone;60;2024/09/24;1;140,96;104
RES012974;2024/10/20;GDS;478;2024/10/24;1;133,33;109
RES012975;2024/08/13;GDS;417;2024/09/24;2;132,53;109
RES012976;2024/08/29;At the hotel;181;2024/10/08;1;218,07;110
RES012977;2024/10/11;GDS;3;2024/10/16;2;144,56;110
RES012978;2024/10/01;GDS;200;2024/10/25;2;170,98;108
RES012979;2024/09/03;Velora.com;82;2024/09/12;2;188,09;103
RES012980;2024/08/24;GDS;143;2024/11/10;1;202,6;108
RES012981;2024/09/04;Velora.com;351;2024/09/06;2;174,93;108
RES012982;2024/10/12;GDS;129;2024/10/24;1;150,6;109
RES012983;2024/09/07;At the hotel;288;2024/09/09;2;162,65;102
RES012984;2024/09/06;Velora.com;470;2024/09/12;2;119,69;102
RES012985;2024/10/20;At the hotel;359;2024/10/20;2;134,54;103
RES012986;2024/10/19;At the hotel;462;2024/10/25;2;33,73;105
RES012987;2024/10/09;GDS;457;2024/11/10;1;153,41;105
RES012988;2024/09/21;At the hotel;115;2024/09/30;3;33,73;106
RES012989;2024/07/01;App;499;2024/10/05;2;211,02;105
RES012990;2024/10/11;GDS;446;2024/10/22;1;182,99;103
RES012991;2024/07/27;App;473;2024/09/12;2;180,35;105
RES012992;2024/08/08;GDS;142;2024/09/24;2;215,88;108
RES012993;2024/09/19;App;175;2024/09/28;2;126,06;107
RES012994;2024/09/17;GDS;49;2024/09/28;2;174,46;103
RES012995;2024/10/04;At the hotel;336;2024/10/04;1;203,04;109
RES012996;2024/09/12;GDS;23;2024/10/05;1;151,8;104
RES012997;2024/09/04;GDS;77;2024/09/10;4;134,54;106
RES012998;2024/09/29;At the hotel;6;2024/10/23;2;0;104
RES013000;2024/10/19;Velora.com;54;2024/10/31;3;106,57;108
RES013001;2024/10/25;Velora.com;188;2024/10/27;2;57,83;101
RES013002;2024/10/05;At the hotel;296;2024/10/08;1;56,67;109
RES013003;2024/09/06;GDS;220;2024/09/18;1;138,55;102
RES013004;2024/10/05;Velora.com;473;2024/10/23;2;165,06;107
RES013005;2024/09/23;GDS;499;2024/10/04;1;156,75;102
RES013006;2024/09/25;At the hotel;486;2024/09/27;2;122,89;105
RES013007;2024/10/04;At the hotel;354;2024/10/05;1;193,94;102
RES013008;2024/10/11;App;75;2024/10/19;2;146,39;108
RES013009;2024/09/15;App;244;2024/09/16;3;192,37;105
RES013010;2024/10/17;At the hotel;214;2024/11/19;2;70,48;107
RES013011;2024/08/17;App;324;2024/09/04;1;183,19;105
RES013012;2024/09/26;Velora.com;258;2024/09/29;3;120,34;101
RES013013;2024/09/29;At the hotel;164;2024/10/03;3;0;106
RES013014;2024/09/20;Velora.com;60;2024/10/27;2;115,13;107
RES013015;2024/09/20;Velora.com;111;2024/10/01;2;134,46;103
RES013016;2024/09/16;At the hotel;228;2024/10/21;1;151,8;107
RES013017;2024/08/02;GDS;245;2024/10/01;1;180,72;109
RES013018;2024/09/06;At the hotel;356;2024/09/10;1;33,94;106
RES013019;2024/09/21;At the hotel;280;2024/09/22;1;57,57;101
RES013020;2024/10/20;At the hotel;315;2024/10/22;2;180,35;107
RES013021;2024/09/27;Velora.com;245;2024/09/27;1;127,63;101
RES013022;2024/09/25;At the hotel;352;2024/09/28;1;133,33;103
RES013023;2024/10/07;GDS;287;2024/11/27;2;107,53;106
RES013024;2024/09/25;At the hotel;316;2024/10/16;2;72,29;108
RES013025;2024/09/07;GDS;465;2024/09/10;1;153,61;110
RES013026;2024/10/06;At the hotel;470;2024/11/12;2;168,67;107
RES013027;2024/09/26;GDS;413;2024/09/30;2;134,34;107
RES013028;2024/10/01;Velora.com;461;2024/10/22;3;177,86;102
RES013029;2024/07/03;GDS;4;2024/09/16;2;162,78;110
RES013030;2024/09/04;At the hotel;163;2024/09/05;1;222,59;110
RES013031;2024/07/11;Phone;220;2024/09/16;1;306,35;106
RES013032;2024/10/13;Velora.com;158;2024/10/20;2;59,34;110
RES013033;2024/10/18;At the hotel;480;2024/10/18;1;159,17;107
RES013034;2024/09/05;At the hotel;121;2024/10/07;2;157,83;109
RES013035;2024/09/24;App;248;2024/09/24;2;189,76;108
RES013036;2024/10/22;Velora.com;75;2024/11/01;2;85,18;108
RES013037;2024/10/21;At the hotel;89;2024/10/24;1;70,48;107
RES013038;2024/09/10;GDS;462;2024/10/11;1;112,65;110
RES013039;2024/09/03;At the hotel;374;2024/10/21;2;97,46;105
RES013040;2024/10/28;Connected Wholesaler;161;2024/10/30;1;94,88;108
RES013041;2024/10/19;Velora.com;278;2024/10/26;2;112,13;102
RES013042;2024/09/20;App;170;2024/10/18;2;127,56;106
RES013043;2024/10/13;At the hotel;207;2024/10/22;2;149,38;109
RES013044;2024/04/19;App;492;2024/09/25;1;165,06;109
RES013045;2024/10/11;Velora.com;251;2024/10/14;2;129,88;101
RES013046;2024/09/04;GDS;483;2024/09/17;3;150,59;110
RES013047;2024/09/19;At the hotel;237;2024/09/19;3;152,13;109
RES013048;2024/09/04;At the hotel;65;2024/09/05;2;175,87;107
RES013049;2024/08/27;GDS;455;2024/10/01;2;216,58;104
RES013050;2024/10/22;Phone;364;2024/10/23;1;156,31;106
RES013051;2024/10/11;At the hotel;376;2024/10/15;2;33,73;101
RES013052;2024/10/20;At the hotel;115;2024/10/25;2;70,48;104
RES013053;2024/07/31;At the hotel;292;2024/09/09;1;218,07;107
RES013054;2024/09/12;At the hotel;46;2024/10/02;2;102,71;103
RES013055;2024/09/05;Velora.com;63;2024/09/30;1;117,89;103
RES013056;2024/08/09;GDS;177;2024/09/22;3;105,42;107
RES013057;2024/10/06;GDS;79;2024/10/07;1;122,89;110
RES013058;2024/09/07;At the hotel;218;2024/09/14;1;168,67;104
RES013059;2024/09/20;Phone;337;2024/10/02;2;157,66;110
RES013060;2024/09/06;GDS;454;2024/10/17;1;132,53;104
RES013061;2024/05/08;GDS;484;2024/09/20;1;200,16;104
RES013062;2024/09/05;Phone;273;2024/09/08;2;179,45;106
RES013063;2024/08/14;Velora.com;126;2024/09/22;2;136,59;105
RES013064;2024/10/21;Velora.com;47;2024/10/23;1;112,04;107
RES013065;2024/09/09;At the hotel;488;2024/09/15;1;0;103
RES013066;2024/10/02;At the hotel;73;2024/10/04;2;156,61;102
RES013067;2024/09/09;Phone;387;2024/09/18;1;119,15;107
RES013068;2024/08/20;Phone;258;2024/09/15;1;236,34;110
RES013069;2024/05/18;At the hotel;402;2024/10/03;1;112,05;110
RES013070;2024/10/24;GDS;243;2024/10/29;3;195,57;105
RES013071;2024/09/18;At the hotel;497;2024/09/19;1;0;104
RES013072;2024/10/01;GDS;143;2024/10/07;1;128,12;104
RES013073;2024/04/30;At the hotel;20;2024/10/29;1;98,79;101
RES013074;2024/09/26;At the hotel;431;2024/10/03;1;144,28;105
RES013075;2024/10/13;Connected Wholesaler;454;2024/10/29;4;119,94;103
RES013076;2024/09/04;At the hotel;252;2024/09/06;1;156,61;104
RES013077;2024/08/30;Velora.com;473;2024/10/04;1;112,05;110
RES013078;2024/10/17;App;101;2024/10/17;2;100,96;107
RES013079;2024/08/23;Velora.com;40;2024/09/06;2;165,62;109
RES013080;2024/09/08;At the hotel;364;2024/10/06;1;33,73;110
RES013082;2024/10/03;Velora.com;72;2024/10/15;2;262,73;108
RES013083;2024/08/11;App;352;2024/10/16;4;456;104
RES013084;2024/09/21;App;206;2024/09/22;1;140,45;108
RES013085;2024/07/18;GDS;284;2024/09/12;1;204,82;104
RES013086;2024/08/28;At the hotel;321;2024/09/13;2;198,53;102
RES013087;2024/09/13;At the hotel;372;2024/09/14;1;0;110
RES013088;2024/10/27;Velora.com;25;2024/10/29;1;198,16;107
RES013089;2024/09/15;Velora.com;388;2024/10/15;3;144,28;107
RES013090;2024/10/26;At the hotel;28;2024/10/29;1;163,63;109
RES013091;2024/09/04;App;124;2024/10/05;2;162,78;102
RES013092;2024/09/05;GDS;98;2024/09/09;2;128,72;101
RES013093;2024/09/15;App;36;2024/10/15;2;108,43;105
RES013094;2024/09/02;At the hotel;327;2024/09/18;1;33,94;105
RES013095;2024/09/17;Velora.com;417;2024/10/04;1;144,56;109
RES013096;2024/07/20;Connected Wholesaler;402;2024/09/05;2;173,11;101
RES013097;2024/08/09;Connected Wholesaler;126;2024/10/04;2;259,78;104
RES013098;2024/09/20;At the hotel;103;2024/09/22;1;78;108
RES013099;2024/09/10;Velora.com;424;2024/09/17;2;194,41;103
RES013100;2024/09/08;Velora.com;164;2024/09/16;2;162,65;108
RES013101;2024/10/05;GDS;377;2024/10/10;1;122,13;107
RES013102;2024/09/06;Velora.com;76;2024/10/14;1;145,33;104
RES013103;2024/10/17;At the hotel;340;2024/10/17;1;159,71;105
RES013104;2024/09/27;Phone;30;2024/11/05;2;124,26;104
RES013105;2024/10/16;Velora.com;283;2024/10/19;2;148,48;109
RES013106;2024/09/28;At the hotel;38;2024/10/15;1;4,81;103
RES013108;2024/08/22;GDS;251;2024/09/17;2;158,73;106
RES013109;2024/08/21;Velora.com;450;2024/10/10;1;118,18;107
RES013110;2024/09/24;GDS;101;2024/10/01;2;237,25;108
RES013111;2024/09/11;App;233;2024/09/14;2;140,63;104
RES013112;2024/10/25;Velora.com;78;2024/10/25;1;93,01;109
RES013113;2024/09/10;GDS;13;2024/09/26;1;82,6;104
RES013114;2024/08/31;Velora.com;16;2024/09/24;1;182,99;106
RES013115;2024/10/23;Connected Wholesaler;108;2024/10/24;1;117,28;101
RES013116;2024/10/14;At the hotel;318;2024/10/21;3;132,53;109
RES013117;2024/09/22;Velora.com;250;2024/10/02;3;156,3;107
RES013118;2024/09/14;GDS;332;2024/10/13;2;143,07;107
RES013119;2024/09/18;Velora.com;381;2024/09/22;1;190,54;110
RES013120;2024/10/01;Connected Wholesaler;494;2024/10/01;1;105,72;105
RES013121;2024/10/29;Velora.com;321;2024/10/31;1;102,41;109
RES013122;2024/08/28;GDS;35;2024/10/21;1;163,63;102
RES013123;2024/10/09;Velora.com;160;2024/10/11;4;122,43;106
RES013124;2024/09/10;Velora.com;444;2024/10/03;3;190,06;110
RES013125;2024/10/10;GDS;248;2024/10/29;3;134,34;109
RES013126;2024/09/28;At the hotel;437;2024/09/29;1;177,09;102
RES013127;2024/09/30;At the hotel;488;2024/10/02;1;170,98;103
RES013128;2024/09/05;GDS;439;2024/09/23;1;236,12;101
RES013129;2024/08/27;Phone;165;2024/09/06;1;117,89;109
RES013130;2024/08/14;Phone;255;2024/09/12;2;144,58;101
RES013131;2024/09/16;App;192;2024/09/29;2;115,93;106
RES013132;2024/08/10;Velora.com;51;2024/09/09;2;193,96;106
RES013133;2024/09/21;GDS;255;2024/10/04;2;195,03;107
RES013134;2024/10/24;GDS;351;2024/10/30;1;180,87;107
RES013135;2024/09/06;Connected Wholesaler;74;2024/09/25;3;152,36;104
RES013136;2024/09/09;GDS;328;2024/11/10;4;190,6;101
RES013137;2024/08/25;Connected Wholesaler;260;2024/09/13;1;105,18;108
RES013138;2024/10/01;Velora.com;165;2024/10/23;1;182,63;110
RES013139;2024/10/30;At the hotel;434;2024/10/31;1;179,39;104
RES013140;2024/10/10;Velora.com;317;2024/11/14;1;155,82;104
RES013141;2024/09/25;App;399;2024/09/29;2;146,62;106
RES013142;2024/10/24;At the hotel;120;2024/10/25;3;70,54;109
RES013143;2024/10/17;GDS;196;2024/10/18;3;82,6;108
RES013144;2024/09/05;App;279;2024/09/05;2;148,8;107
RES013145;2024/10/15;GDS;500;2024/10/21;3;108,18;105
RES013146;2024/09/18;App;394;2024/11/01;1;153,01;107
RES013147;2024/10/04;App;345;2024/10/11;2;232,05;107
RES013148;2024/09/30;At the hotel;56;2024/11/01;2;168,32;101
RES013149;2024/10/15;GDS;362;2024/10/19;2;126,76;102
RES013150;2024/09/27;GDS;24;2024/10/03;2;133,33;108
RES013151;2024/10/10;At the hotel;165;2024/10/12;4;210,84;106
RES013152;2024/05/17;At the hotel;186;2024/10/16;2;98,79;106
RES013153;2024/10/23;Velora.com;400;2024/10/29;1;182,46;106
RES013154;2024/10/07;At the hotel;471;2024/10/27;2;70,47;101
RES013155;2024/10/07;GDS;399;2024/10/23;1;228,61;109
RES013156;2024/09/10;Velora.com;261;2024/09/16;1;115,61;108
RES013157;2024/10/28;App;466;2024/10/31;1;120,48;104
RES013158;2024/10/12;App;423;2024/10/19;4;141,98;103
RES013159;2024/09/15;At the hotel;475;2024/09/16;1;143,37;108
RES013160;2024/09/07;GDS;101;2024/10/13;2;152,71;106
RES013161;2024/10/29;Velora.com;161;2024/11/01;3;80,96;101
RES013162;2024/08/31;Velora.com;133;2024/09/18;2;155,59;110
RES013163;2024/09/09;App;444;2024/10/16;2;156,96;110
RES013164;2024/10/15;Phone;61;2024/10/18;1;137,46;110
RES013165;2024/10/02;At the hotel;455;2024/10/04;1;149,4;105
RES013166;2024/08/31;App;245;2024/10/06;2;150,79;101
RES013167;2024/09/29;At the hotel;210;2024/09/30;3;125,3;104
RES013168;2024/09/27;Velora.com;215;2024/10/28;1;37,9;105
RES013169;2024/09/11;At the hotel;382;2024/09/13;1;150,6;102
RES013170;2024/10/17;Velora.com;155;2024/10/26;1;103,56;109
RES013171;2024/09/11;App;188;2024/09/26;1;156,75;102
RES013172;2024/10/03;Velora.com;398;2024/11/07;2;155,16;110
RES013173;2024/10/28;App;413;2024/10/29;2;207,62;103
RES013174;2024/10/02;Velora.com;413;2024/10/03;4;39,69;105
RES013175;2024/09/10;GDS;446;2024/09/20;1;222,59;105
RES013176;2024/09/14;Phone;221;2024/09/16;3;232,12;110
RES013177;2024/10/20;Velora.com;169;2024/10/23;3;183,28;104
RES013178;2024/08/28;Velora.com;234;2024/09/07;1;140,24;106
RES013179;2024/08/09;GDS;146;2024/09/09;1;199,68;107
RES013180;2024/04/29;Velora.com;397;2024/09/26;1;184,05;104
RES013181;2024/06/10;Velora.com;281;2024/09/18;3;201,68;108
RES013182;2024/08/31;At the hotel;426;2024/09/05;1;78;103
RES013183;2024/09/26;Velora.com;476;2024/09/28;2;198,78;110
RES013184;2024/10/01;GDS;144;2024/10/14;3;175,14;106
RES013185;2024/08/28;At the hotel;408;2024/09/07;2;72,29;110
RES013186;2024/09/12;Connected Wholesaler;241;2024/10/25;1;194,27;104
RES013187;2024/10/06;App;205;2024/10/07;1;189,3;108
RES013188;2024/10/16;GDS;445;2024/10/23;2;247,62;108
RES013189;2024/09/20;GDS;391;2024/09/24;2;162,65;106
RES013190;2024/09/23;At the hotel;399;2024/10/17;3;62,65;106
RES013191;2024/09/13;Velora.com;29;2024/09/26;2;179,36;101
RES013192;2024/09/14;At the hotel;94;2024/09/19;2;134,93;108
RES013193;2024/09/20;At the hotel;212;2024/09/20;2;133,33;105
RES013194;2024/07/17;Phone;41;2024/09/18;3;156,62;107
RES013195;2024/09/07;GDS;101;2024/10/20;2;262,52;105
RES013196;2024/10/01;App;105;2024/11/03;1;146,29;105
RES013197;2024/09/21;Phone;45;2024/10/12;1;135,59;101
RES013198;2024/08/27;Phone;106;2024/10/13;4;33,71;106
RES013199;2024/09/16;At the hotel;63;2024/09/22;3;142,42;102
RES013200;2024/10/13;At the hotel;498;2024/11/13;2;122,99;108
RES013201;2024/09/30;GDS;378;2024/10/21;3;183,75;101
RES013202;2024/08/16;GDS;332;2024/09/08;1;132,53;109
RES013203;2024/10/20;At the hotel;159;2024/10/20;1;144,75;103
RES013204;2024/09/07;Velora.com;75;2024/10/15;1;54,52;103
RES013205;2024/09/22;App;387;2024/10/23;2;174,7;109
RES013206;2024/10/24;Phone;198;2024/10/28;2;163,84;104
RES013207;2024/10/07;App;107;2024/10/13;3;142,15;107
RES013208;2024/09/13;Velora.com;73;2024/10/18;2;201,94;102
RES013209;2024/09/28;Velora.com;428;2024/10/08;1;105,42;108
RES013210;2024/10/05;Velora.com;394;2024/11/17;1;177,09;102
RES013211;2024/08/30;Phone;395;2024/10/06;1;140,6;101
RES013212;2024/10/12;Velora.com;400;2024/10/27;1;135,78;106
RES013214;2024/10/26;Velora.com;440;2024/10/29;1;190,06;103
RES013215;2024/06/24;Velora.com;64;2024/10/05;1;196,07;103
RES013216;2024/08/22;App;77;2024/09/08;3;171,22;102
RES013217;2024/11/01;Velora.com;99;2024/11/03;3;164,74;108
RES013218;2024/08/02;GDS;50;2024/09/23;2;285,48;101
RES013219;2024/08/12;GDS;68;2024/10/14;2;294,78;102
RES013220;2024/06/30;Velora.com;111;2024/11/01;2;155,11;102
RES013221;2024/09/05;App;344;2024/09/29;1;164,6;107
RES013222;2024/10/06;GDS;449;2024/10/22;1;148,48;104
RES013223;2024/09/09;App;153;2024/09/17;2;204,81;105
RES013224;2024/09/10;Velora.com;434;2024/10/11;3;161,21;105
RES013225;2024/10/24;At the hotel;487;2024/10/25;2;121,68;110
RES013226;2024/09/26;Phone;142;2024/09/30;1;156,3;108
RES013228;2024/08/10;GDS;250;2024/10/07;1;180,72;106
RES013229;2024/09/10;At the hotel;386;2024/09/12;2;165,04;104
RES013230;2024/09/11;At the hotel;305;2024/09/16;2;33,73;110
RES013231;2024/10/08;Connected Wholesaler;368;2024/10/09;2;104,82;101
RES013232;2024/09/13;Phone;447;2024/10/06;2;187,93;110
RES013233;2024/10/01;At the hotel;420;2024/10/02;3;0;105
RES013234;2024/09/14;GDS;155;2024/09/20;2;108,43;109
RES013235;2024/10/02;At the hotel;22;2024/10/29;1;144,28;106
RES013236;2024/09/14;Velora.com;44;2024/09/20;2;177,25;108
RES013237;2024/09/08;Velora.com;16;2024/09/12;1;194,41;102
RES013238;2024/09/21;GDS;495;2024/10/16;5;159,69;103
RES013239;2024/10/18;At the hotel;185;2024/10/23;5;162,78;101
RES013240;2024/09/05;At the hotel;436;2024/09/07;1;149,4;109
RES013241;2024/10/29;App;222;2024/10/29;1;112,56;101
RES013242;2024/09/12;Velora.com;151;2024/09/23;3;36,07;102
RES013243;2024/10/19;Velora.com;281;2024/10/19;3;120,48;105
RES013244;2024/10/21;Connected Wholesaler;125;2024/10/24;1;113,85;107
RES013245;2024/10/04;Connected Wholesaler;43;2024/10/06;2;85,84;101
RES013246;2024/10/06;Velora.com;301;2024/10/12;2;150,83;105
RES013247;2024/02/28;At the hotel;176;2024/09/28;1;101,98;110
RES013248;2024/07/25;GDS;221;2024/09/10;1;226,21;109
RES013249;2024/10/22;Phone;379;2024/10/22;1;109,09;110
RES013250;2024/09/23;GDS;201;2024/10/22;3;174,75;106
RES013251;2024/08/19;GDS;260;2024/10/17;2;137,43;110
RES013252;2024/10/23;At the hotel;477;2024/10/24;3;280,9;103
RES013253;2024/10/04;Velora.com;24;2024/10/08;1;177,11;101
RES013254;2024/08/10;Velora.com;492;2024/10/21;1;272,39;104
RES013255;2024/10/01;GDS;35;2024/10/01;1;171,83;104
RES013256;2024/09/02;At the hotel;337;2024/09/07;2;122,13;106
RES013257;2024/08/28;GDS;136;2024/10/02;2;162,43;108
RES013258;2024/09/06;GDS;240;2024/10/09;2;130,5;107
RES013259;2024/10/09;Phone;269;2024/11/15;4;157,57;108
RES013260;2024/10/06;Phone;223;2024/10/13;1;146,39;102
RES013261;2024/10/04;Velora.com;404;2024/10/04;2;25,95;102
RES013262;2024/09/08;At the hotel;291;2024/10/06;2;0;104
RES013263;2024/10/04;Velora.com;112;2024/10/04;3;172,72;104
RES013264;2024/08/29;Connected Wholesaler;374;2024/10/03;1;151,53;108
RES013265;2024/09/22;At the hotel;315;2024/10/04;1;151,8;109
RES013266;2024/10/25;App;207;2024/10/27;2;136,21;108
RES013267;2024/08/20;Phone;60;2024/09/29;1;189,09;107
RES013268;2024/07/26;GDS;193;2024/09/17;5;258,52;107
RES013269;2024/09/13;App;5;2024/09/15;1;144,75;106
RES013270;2024/09/23;At the hotel;26;2024/09/30;1;33,66;109
RES013271;2024/09/23;App;80;2024/10/05;1;179,91;104
RES013272;2024/10/27;At the hotel;488;2024/10/30;2;163,63;104
RES013273;2024/09/01;At the hotel;339;2024/09/01;2;78;101
RES013274;2024/09/11;Velora.com;228;2024/10/30;1;153,49;103
RES013275;2024/08/19;Phone;47;2024/09/07;1;112,05;107
RES013276;2024/10/08;Velora.com;295;2024/10/20;4;114,46;105
RES013277;2024/09/22;At the hotel;122;2024/11/04;4;170,02;104
RES013278;2024/10/04;At the hotel;462;2024/10/20;2;33,73;101
RES013279;2024/10/10;Phone;226;2024/10/14;2;141,67;107
RES013280;2024/09/17;Velora.com;422;2024/10/06;1;33,78;110
RES013281;2024/09/29;GDS;147;2024/10/02;3;198,78;106
RES013282;2024/10/26;App;496;2024/10/26;1;180,35;101
RES013283;2024/07/02;GDS;12;2024/09/08;1;151,8;108
RES013284;2024/07/21;App;156;2024/09/06;2;262,58;109
RES013285;2024/10/21;At the hotel;309;2024/10/24;2;77,37;105
RES013286;2024/09/13;At the hotel;110;2024/09/14;1;180,71;106
RES013287;2024/09/02;Connected Wholesaler;242;2024/09/09;2;118,95;110
RES013288;2024/03/21;At the hotel;343;2024/10/20;2;101,98;106
RES013289;2024/09/11;Velora.com;169;2024/10/01;4;281,27;107
RES013290;2024/09/17;App;138;2024/09/21;2;126,49;105
RES013291;2024/09/10;GDS;282;2024/10/23;1;174,84;109
RES013292;2024/08/28;GDS;357;2024/09/08;4;156,75;101
RES013293;2024/08/10;GDS;38;2024/10/31;1;170,47;102
RES013294;2024/10/12;GDS;385;2024/10/22;1;132,53;104
RES013295;2024/08/31;App;191;2024/09/08;2;132,52;102
RES013296;2024/10/05;At the hotel;433;2024/10/08;1;187,88;101
RES013297;2024/09/14;At the hotel;2;2024/09/18;1;144,58;102
RES013298;2024/08/09;Velora.com;196;2024/09/06;4;171,33;105
RES013299;2024/09/15;Connected Wholesaler;469;2024/10/19;2;160,28;103
RES013300;2024/10/22;GDS;242;2024/10/27;3;120,48;105
RES013301;2024/09/11;GDS;151;2024/09/12;1;126,5;102
RES013302;2024/10/14;GDS;372;2024/10/16;1;123,41;108
RES013303;2024/10/23;At the hotel;169;2024/10/24;2;122,89;108
RES013304;2024/08/16;Velora.com;471;2024/09/21;1;198,53;108
RES013305;2024/10/03;Velora.com;270;2024/10/10;1;153,94;108
RES013306;2024/08/31;Velora.com;206;2024/09/09;1;128,61;107
RES013307;2024/10/07;Velora.com;16;2024/10/17;5;105,47;103
RES013308;2024/09/15;At the hotel;139;2024/09/17;1;198,84;107
RES013309;2024/10/06;GDS;350;2024/10/22;3;133,23;108
RES013310;2024/09/28;GDS;499;2024/10/03;1;112,05;108
RES013311;2024/09/25;Velora.com;11;2024/10/19;2;168,23;103
RES013312;2024/08/25;GDS;47;2024/09/11;1;117,03;109
RES013313;2024/08/19;GDS;344;2024/09/09;2;134,34;101
RES013314;2024/10/10;GDS;333;2024/10/16;1;116,58;101
RES013315;2024/09/25;GDS;295;2024/10/03;2;117,77;106
RES013316;2024/08/22;GDS;177;2024/09/16;2;140,95;110
RES013317;2024/08/30;Velora.com;236;2024/09/24;2;169,78;107
RES013318;2024/10/12;At the hotel;272;2024/10/13;3;163,37;103
RES013319;2024/10/09;At the hotel;276;2024/10/17;3;0;107
RES013320;2024/09/14;Phone;131;2024/10/01;2;155,15;104
RES013321;2024/09/30;GDS;116;2024/10/16;2;133,13;109
RES013322;2024/09/02;GDS;341;2024/09/18;3;134,95;103
RES013323;2024/09/04;GDS;275;2024/10/13;1;158,77;107
RES013324;2024/10/02;At the hotel;289;2024/10/03;2;188,54;103
RES013325;2024/09/07;At the hotel;115;2024/09/08;2;152,72;110
RES013326;2024/09/06;Phone;451;2024/10/10;2;151,51;106
RES013327;2024/10/19;Velora.com;316;2024/10/22;2;127,27;106
RES013328;2024/07/25;GDS;243;2024/09/10;2;112,04;101
RES013329;2024/10/10;Velora.com;275;2024/11/11;1;142,77;107
RES013330;2024/08/29;Velora.com;144;2024/09/03;2;166,3;109
RES013331;2024/08/14;Velora.com;329;2024/09/08;1;125,99;104
RES013332;2024/10/22;Velora.com;161;2024/11/23;3;143,62;104
RES013333;2024/05/23;Velora.com;35;2024/10/10;1;34,25;105
RES013334;2024/07/27;App;244;2024/09/13;1;138,55;103
RES013335;2024/10/01;GDS;491;2024/10/17;1;164,88;103
RES013336;2024/09/30;GDS;185;2024/10/08;1;111,18;104
RES013337;2024/10/02;GDS;394;2024/10/08;2;180,35;103
RES013338;2024/09/21;Phone;463;2024/09/27;2;151,51;103
RES013339;2024/10/24;App;182;2024/10/25;2;144,28;108
RES013340;2024/10/02;GDS;247;2024/10/09;2;130,12;108
RES013341;2024/10/05;App;234;2024/10/31;1;286,8;105
RES013342;2024/10/23;Connected Wholesaler;211;2024/10/25;1;154,24;103
RES013343;2024/10/22;Connected Wholesaler;297;2024/10/24;1;113,85;109
RES013344;2024/08/11;Phone;166;2024/10/16;2;317,17;108
RES013345;2024/09/22;Velora.com;15;2024/09/26;2;149,39;102
RES013346;2024/10/12;App;168;2024/10/12;1;155,42;108
RES013347;2024/06/18;Velora.com;44;2024/09/08;1;230,24;103
RES013348;2024/09/02;Velora.com;295;2024/09/05;2;117,77;107
RES013349;2024/08/07;At the hotel;337;2024/10/24;1;156,62;106
RES013350;2024/10/15;At the hotel;49;2024/10/15;2;116,79;101
RES013351;2024/10/04;At the hotel;196;2024/11/05;1;204,82;107
RES013352;2024/10/05;Velora.com;131;2024/10/15;1;243,35;106
RES013353;2024/10/08;Phone;487;2024/11/13;1;149,27;102
RES013354;2024/09/26;Velora.com;58;2024/10/01;1;123,97;105
RES013355;2024/10/26;At the hotel;206;2024/11/01;1;146,56;105
RES013356;2024/09/12;At the hotel;488;2024/09/14;2;192,37;103
RES013357;2024/09/25;App;280;2024/09/25;2;264,7;103
RES013358;2024/09/18;Connected Wholesaler;238;2024/10/05;5;85,83;105
RES013359;2024/09/30;GDS;280;2024/11/07;2;129,52;101
RES013360;2024/09/26;At the hotel;229;2024/10/02;1;33,73;102
RES013361;2024/09/20;GDS;69;2024/10/27;1;159,02;110
RES013362;2024/10/17;Phone;152;2024/10/17;1;141,82;107
RES013363;2024/02/23;Velora.com;105;2024/09/18;3;202,41;102
RES013364;2024/06/16;Velora.com;282;2024/09/17;1;191,56;102
RES013365;2024/09/27;Velora.com;175;2024/10/02;2;99,56;102
RES013366;2024/09/23;Velora.com;220;2024/09/30;2;136,6;104
RES013367;2024/05/11;App;215;2024/09/14;1;200;107
RES013368;2024/09/10;At the hotel;329;2024/10/04;1;166,4;106
RES013369;2024/09/18;Velora.com;429;2024/10/01;3;135,26;107
RES013370;2024/10/22;GDS;482;2024/10/29;1;116,79;104
RES013371;2024/10/02;Velora.com;465;2024/10/04;1;92,17;105
RES013372;2024/09/03;Phone;453;2024/10/11;3;171,22;101
RES013373;2024/07/26;App;72;2024/09/06;2;346,54;105
RES013374;2024/09/15;Velora.com;36;2024/09/17;3;243,51;103
RES013375;2024/09/27;GDS;404;2024/09/30;1;120,48;103
RES013376;2024/09/30;Velora.com;428;2024/10/22;4;230,91;110
RES013377;2024/10/17;GDS;12;2024/10/23;1;171,22;109
RES013378;2024/08/27;App;272;2024/09/04;2;134,68;102
RES013379;2024/09/23;Phone;112;2024/10/28;3;165,04;105
RES013380;2024/06/30;App;500;2024/09/10;1;105,41;105
RES013381;2024/09/01;Connected Wholesaler;54;2024/09/17;1;144,82;109
RES013382;2024/09/14;Phone;68;2024/09/19;1;168,67;106
RES013383;2024/08/20;GDS;429;2024/10/02;1;132,53;103
RES013384;2024/09/18;GDS;382;2024/09/26;3;108,18;105
RES013385;2024/09/18;At the hotel;240;2024/09/20;1;168,32;108
RES013386;2024/09/30;GDS;433;2024/10/23;1;148;101
RES013387;2024/09/11;GDS;324;2024/09/30;2;134,34;106
RES013388;2024/07/29;At the hotel;396;2024/09/05;4;151,8;102
RES013389;2024/10/14;At the hotel;70;2024/10/14;2;192,37;110
RES013390;2024/09/27;Phone;220;2024/10/21;3;165,06;105
RES013391;2024/10/05;Velora.com;149;2024/10/08;2;141,8;107
RES013392;2024/10/05;Phone;487;2024/10/11;1;120,48;105
RES013393;2024/09/16;App;494;2024/10/06;2;139,95;107
RES013394;2024/06/05;Velora.com;114;2024/10/27;2;220,46;108
RES013395;2024/10/05;Velora.com;275;2024/10/11;2;216,85;110
RES013396;2024/09/19;GDS;191;2024/09/20;2;228,09;103
RES013397;2024/10/26;GDS;203;2024/11/04;2;157,57;104
RES013398;2024/09/17;GDS;163;2024/09/20;3;108,18;109
RES013399;2024/09/13;Velora.com;14;2024/09/16;1;108,52;103
RES013400;2024/08/20;Phone;188;2024/09/09;1;313,58;110
RES013401;2024/10/26;Velora.com;299;2024/10/28;1;171,68;103
RES013402;2024/08/11;GDS;370;2024/10/07;2;174,7;104
RES013403;2024/09/10;Phone;425;2024/09/14;2;193,97;106
RES013404;2024/05/03;Phone;302;2024/10/02;1;151,51;109
RES013405;2024/08/31;App;30;2024/09/22;2;156,61;105
RES013406;2024/09/15;At the hotel;355;2024/10/13;2;66,26;103
RES013407;2024/08/15;GDS;420;2024/09/10;4;159,03;104
RES013408;2024/01/29;Velora.com;277;2024/10/05;2;214,64;104
RES013409;2024/10/03;At the hotel;315;2024/11/04;2;193,94;105
RES013410;2024/09/23;At the hotel;249;2024/10/24;1;183,2;104
RES013411;2024/09/10;GDS;263;2024/09/17;2;153,61;105
RES013412;2024/09/08;At the hotel;64;2024/10/06;3;62,65;104
RES013413;2024/10/11;App;338;2024/10/14;4;127,7;108
RES013414;2024/09/05;App;445;2024/09/09;2;138,54;109
RES013415;2024/10/15;App;79;2024/10/18;1;133,7;105
RES013416;2024/10/05;App;185;2024/10/24;1;171,97;106
RES013417;2024/10/18;Connected Wholesaler;4;2024/10/26;1;96,83;105
RES013418;2024/09/07;Velora.com;205;2024/09/21;1;158,86;101
RES013419;2024/09/10;At the hotel;175;2024/10/11;2;144,38;109
RES013420;2024/10/14;At the hotel;97;2024/10/18;4;132,53;107
RES013421;2024/10/16;At the hotel;445;2024/10/18;2;192,37;103
RES013422;2024/08/04;GDS;16;2024/09/11;1;130,5;109
RES013423;2024/10/03;Phone;413;2024/10/16;2;177,92;109
RES013424;2024/09/25;At the hotel;242;2024/09/25;1;72,35;107
RES013425;2024/10/05;At the hotel;113;2024/10/07;1;162,65;107
RES013426;2024/07/12;App;168;2024/09/13;2;113,17;102
RES013427;2024/08/25;GDS;202;2024/10/02;2;186,97;103
RES013428;2024/09/13;Phone;468;2024/10/30;2;205,09;106
RES013429;2024/10/13;Phone;127;2024/10/19;3;149,68;103
RES013430;2024/09/28;App;225;2024/10/17;1;181,62;102
RES013431;2024/10/04;GDS;365;2024/10/24;2;174,7;109
RES013432;2024/10/15;App;1;2024/10/16;2;199,71;105
RES013433;2024/09/28;Velora.com;166;2024/10/06;3;144,58;109
RES013434;2024/09/11;At the hotel;284;2024/10/12;2;150,6;107
RES013435;2024/09/10;GDS;454;2024/09/16;2;144,71;102
RES013436;2024/09/24;App;459;2024/10/05;1;147,11;110
RES013437;2024/08/09;Phone;74;2024/09/17;2;175,9;102
RES013438;2024/10/18;Phone;69;2024/10/23;1;150,73;102
RES013439;2024/10/09;At the hotel;87;2024/10/10;2;184,58;109
RES013440;2024/10/22;At the hotel;139;2024/11/26;2;154,21;105
RES013441;2024/10/22;At the hotel;327;2024/10/26;2;149,4;104
RES013442;2024/08/28;GDS;161;2024/09/10;1;134,34;109
RES013443;2024/10/23;At the hotel;10;2024/10/24;2;280,9;101
RES013444;2024/09/19;Velora.com;8;2024/09/19;1;227,41;105
RES013445;2024/10/15;App;200;2024/10/15;1;198,2;108
RES013446;2024/09/24;App;105;2024/10/13;2;137,05;102
RES013447;2024/10/10;Connected Wholesaler;308;2024/10/19;2;145,89;103
RES013448;2024/09/07;GDS;3;2024/09/09;1;141,26;110
RES013449;2024/09/21;At the hotel;462;2024/10/04;3;486,93;104
RES013450;2024/07/13;GDS;178;2024/09/24;2;318,76;102
RES013451;2024/08/13;GDS;198;2024/09/04;1;283,63;103
RES013452;2024/10/05;Velora.com;422;2024/10/09;3;141,26;108
RES013453;2024/08/19;Phone;77;2024/09/19;2;166,66;102
RES013454;2024/07/29;Velora.com;74;2024/09/02;1;160,36;109
RES013455;2024/09/06;GDS;460;2024/10/18;3;138,55;109
RES013456;2024/09/05;Velora.com;380;2024/09/13;1;63,6;104
RES013457;2024/09/09;At the hotel;159;2024/09/09;3;33,69;101
RES013458;2024/09/08;Velora.com;364;2024/09/29;2;192,3;102
RES013459;2024/09/07;App;323;2024/10/07;2;112,66;109
RES013460;2024/10/01;Velora.com;142;2024/11/02;2;91,71;105
RES013461;2024/09/14;Phone;227;2024/09/15;2;241,16;110
RES013462;2024/10/04;Velora.com;268;2024/10/10;2;206,06;102
RES013463;2024/06/15;Velora.com;97;2024/09/06;3;165,95;107
RES013464;2024/09/24;App;497;2024/10/02;1;209,82;106
RES013465;2024/09/04;Phone;459;2024/09/09;2;146,34;103
RES013466;2024/10/27;Velora.com;478;2024/11/02;2;106,66;103
RES013467;2024/09/21;At the hotel;365;2024/09/22;3;151,51;109
RES013468;2024/09/29;Velora.com;129;2024/10/04;1;144,56;106
RES013470;2024/09/10;GDS;460;2024/09/10;3;112,65;104
RES013471;2024/10/17;Connected Wholesaler;407;2024/10/28;1;118,37;105
RES013472;2024/06/10;At the hotel;175;2024/10/26;3;112,05;101
RES013473;2024/08/29;GDS;148;2024/09/16;4;159,69;102
RES013474;2024/09/10;GDS;34;2024/10/21;2;132,53;104
RES013475;2024/07/15;GDS;478;2024/09/09;3;211,38;109
RES013476;2024/10/08;GDS;388;2024/10/11;2;102,41;105
RES013477;2024/08/30;GDS;468;2024/09/11;2;144,58;101
RES013478;2024/08/31;Connected Wholesaler;39;2024/09/02;1;109,7;104
RES013479;2024/09/22;Velora.com;107;2024/09/24;1;168,62;109
RES013480;2024/09/30;Velora.com;203;2024/11/06;5;114,09;108
RES013481;2024/09/05;At the hotel;420;2024/10/06;2;179,39;109
RES013482;2024/10/12;Velora.com;328;2024/10/12;1;144,75;103
RES013483;2024/10/23;At the hotel;342;2024/10/25;2;146,66;101
RES013484;2024/09/11;GDS;57;2024/09/12;1;135,81;102
RES013485;2024/06/03;Phone;254;2024/10/06;3;160,16;109
RES013486;2024/09/10;Velora.com;461;2024/09/10;4;206,35;110
RES013487;2024/10/04;Velora.com;480;2024/10/06;1;33,78;108
RES013488;2024/10/08;Phone;65;2024/10/24;2;156,61;108
RES013489;2024/10/16;Velora.com;312;2024/10/21;2;167,56;101
RES013490;2024/10/09;Velora.com;417;2024/10/20;1;115,46;110
RES013491;2024/09/14;App;368;2024/09/18;1;183,2;102
RES013492;2024/10/07;Velora.com;225;2024/10/24;1;175,15;108
RES013493;2024/10/11;App;222;2024/11/01;4;146,99;110
RES013494;2024/09/26;At the hotel;440;2024/10/26;1;62,65;109
RES013495;2024/11/01;GDS;105;2024/11/04;2;133,33;109
RES013496;2024/09/12;GDS;313;2024/09/15;1;100;107
RES013497;2024/10/01;At the hotel;399;2024/10/05;1;222,59;105
RES013498;2024/10/24;At the hotel;267;2024/10/25;3;151,51;102
RES013499;2024/09/14;GDS;378;2024/09/25;1;133,23;105
RES013500;2024/09/13;GDS;11;2024/10/12;1;168,34;109
RES013502;2024/09/10;At the hotel;30;2024/10/28;2;198,46;109
RES013503;2024/10/30;GDS;260;2024/10/30;2;204,54;110
RES013504;2024/10/27;At the hotel;480;2024/11/01;2;70,48;109
RES013505;2024/09/09;Connected Wholesaler;225;2024/09/09;4;104,81;110
RES013506;2024/09/07;Connected Wholesaler;412;2024/09/20;1;105,72;101
RES013507;2024/10/25;Velora.com;448;2024/10/28;1;123,97;103
RES013508;2024/10/01;Velora.com;103;2024/10/06;2;100,35;106
RES013509;2024/09/12;At the hotel;424;2024/09/13;1;0;104
RES013510;2024/09/30;At the hotel;488;2024/10/03;1;126,61;109
RES013511;2024/09/11;App;489;2024/10/15;4;161,09;104
RES013512;2024/09/15;App;125;2024/09/15;1;135,84;103
RES013513;2024/10/17;At the hotel;153;2024/10/19;1;33,73;107
RES013514;2024/09/13;GDS;154;2024/10/31;1;132,53;110
RES013515;2024/08/23;GDS;346;2024/11/01;3;183,11;105
RES013516;2024/09/25;App;167;2024/09/26;2;122,46;110
RES013517;2024/10/03;App;204;2024/10/24;2;213,23;105
RES013519;2024/09/09;Velora.com;405;2024/10/06;2;106,2;107
RES013520;2024/10/19;App;202;2024/10/19;2;105,34;101
RES013521;2024/09/29;Phone;184;2024/10/04;1;151,8;109
RES013522;2024/06/19;GDS;29;2024/09/13;1;144,59;106
RES013523;2024/10/04;At the hotel;115;2024/10/20;1;33,66;105
RES013524;2024/07/09;Velora.com;248;2024/09/17;3;161,21;109
RES013526;2024/10/11;GDS;93;2024/10/30;1;238,15;103
RES013527;2024/09/23;Connected Wholesaler;183;2024/09/26;1;113,85;103
RES013528;2024/10/12;App;147;2024/10/22;3;109,03;106
RES013529;2024/10/17;GDS;325;2024/10/27;1;102,4;107
RES013530;2024/09/10;App;359;2024/10/29;1;149,7;102
RES013531;2024/10/12;Velora.com;143;2024/10/12;3;144,7;106
RES013532;2024/09/14;Velora.com;337;2024/09/15;2;102,49;107
RES013533;2024/08/16;Phone;7;2024/09/27;2;139,76;108
RES013534;2024/09/12;Velora.com;336;2024/10/05;1;139,18;106
RES013535;2024/08/17;At the hotel;173;2024/09/26;2;151,79;104
RES013536;2024/10/12;Connected Wholesaler;106;2024/10/14;1;194,02;104
RES013537;2024/08/15;Connected Wholesaler;426;2024/09/08;2;98,3;103
RES013538;2024/09/28;App;480;2024/09/28;1;126,61;110
RES013539;2024/10/10;At the hotel;72;2024/10/12;1;163,63;109
RES013540;2024/08/16;App;379;2024/09/08;2;202,26;109
RES013541;2024/09/05;GDS;53;2024/09/23;1;235,13;102
RES013542;2024/09/27;GDS;462;2024/11/02;1;132,53;107
RES013543;2024/09/25;GDS;77;2024/11/15;2;183,2;107
RES013544;2024/10/24;GDS;296;2024/10/28;1;110,84;101
RES013545;2024/10/17;Phone;244;2024/10/22;2;132,53;101
RES013546;2024/05/06;At the hotel;230;2024/10/04;1;140,6;104
RES013547;2024/09/24;App;462;2024/10/02;1;162,65;101
RES013548;2024/09/02;Velora.com;91;2024/10/04;2;248,74;107
RES013549;2024/09/17;GDS;16;2024/10/19;2;196,91;109
RES013550;2024/09/10;GDS;481;2024/10/15;3;112,14;103
RES013551;2024/07/26;App;273;2024/09/17;3;218,42;108
RES013552;2024/05/31;App;276;2024/10/19;2;188,86;104
RES013553;2024/09/26;App;266;2024/10/17;1;153,31;106
RES013554;2024/10/22;Velora.com;201;2024/10/27;1;102,41;102
RES013555;2024/10/10;At the hotel;165;2024/10/11;1;181,82;107
RES013556;2024/09/18;GDS;458;2024/10/15;2;138,25;102
RES013557;2024/10/14;GDS;105;2024/10/17;1;204,8;102
RES013558;2024/09/30;GDS;476;2024/10/15;1;198,79;101
RES013559;2024/09/22;GDS;84;2024/09/23;2;107,53;108
RES013560;2024/10/02;Phone;373;2024/10/04;1;163,63;108
RES013561;2024/09/04;Phone;52;2024/09/12;1;150,6;103
RES013562;2024/09/02;Velora.com;28;2024/09/19;1;239,37;102
RES013563;2024/09/28;At the hotel;479;2024/09/30;4;128,24;109
RES013564;2024/09/18;At the hotel;410;2024/10/07;1;150,91;109
RES013565;2024/06/13;At the hotel;201;2024/10/12;2;139,76;110
RES013566;2024/09/02;App;201;2024/09/07;2;121,18;107
RES013567;2024/09/29;At the hotel;297;2024/10/03;1;70,54;104
RES013568;2024/09/17;At the hotel;126;2024/09/27;1;60,24;108
RES013569;2024/09/09;At the hotel;379;2024/09/20;2;70,47;103
RES013570;2024/09/03;GDS;75;2024/09/10;1;144,58;108
RES013571;2024/09/24;GDS;343;2024/10/07;1;118,48;107
RES013572;2024/10/14;GDS;150;2024/10/17;3;192,93;105
RES013573;2024/09/10;App;125;2024/09/14;2;99,7;106
RES013574;2024/07/12;GDS;79;2024/09/17;2;378,96;103
RES013575;2024/08/15;Velora.com;348;2024/10/22;1;151,8;108
RES013576;2024/10/30;GDS;133;2024/11/02;1;112,05;101
RES013577;2024/09/15;Velora.com;111;2024/10/04;1;145,66;101
RES013578;2024/09/06;At the hotel;128;2024/09/12;3;33,73;107
RES013579;2024/09/18;At the hotel;122;2024/09/26;2;124,09;105
RES013580;2024/09/09;At the hotel;424;2024/09/11;2;78;102
RES013581;2024/10/03;App;351;2024/10/04;1;120,48;103
RES013582;2024/09/05;At the hotel;187;2024/10/06;1;204,82;104
RES013583;2024/09/20;Connected Wholesaler;350;2024/09/25;2;114,54;110
RES013584;2024/08/24;At the hotel;110;2024/09/05;2;62,65;106
RES013585;2024/07/14;Connected Wholesaler;98;2024/09/06;1;221,67;105
RES013586;2024/09/06;At the hotel;389;2024/09/07;2;77,43;109
RES013587;2024/10/23;Velora.com;183;2024/10/23;1;153,49;103
RES013588;2024/10/04;At the hotel;56;2024/10/05;1;163,37;104
RES013589;2024/10/03;At the hotel;371;2024/10/05;3;149,4;105
RES013590;2024/10/16;GDS;10;2024/10/27;1;162,31;108
RES013591;2024/08/23;Velora.com;497;2024/09/27;2;168,81;104
RES013592;2024/09/22;GDS;299;2024/09/28;2;162,63;101
RES013593;2024/10/16;Phone;192;2024/10/16;1;145,78;103
RES013594;2024/09/09;Velora.com;460;2024/09/12;1;168,45;108
RES013595;2024/10/14;Velora.com;356;2024/10/22;1;183,95;104
RES013596;2024/09/26;At the hotel;116;2024/10/26;3;0;101
RES013597;2024/08/01;GDS;92;2024/09/23;2;133,33;102
RES013598;2024/09/12;At the hotel;458;2024/09/26;4;151,79;108
RES013599;2024/10/15;At the hotel;140;2024/10/19;2;132,53;109
RES013600;2024/09/25;Velora.com;477;2024/10/02;1;224,52;104
RES013601;2024/10/24;Connected Wholesaler;476;2024/10/24;2;113,64;104
RES013602;2024/09/11;Velora.com;131;2024/09/25;3;158,79;106
RES013603;2024/10/18;GDS;274;2024/10/29;1;107,62;108
RES013604;2024/08/25;GDS;6;2024/09/07;1;112,65;101
RES013605;2024/10/08;Velora.com;84;2024/10/20;2;103,03;102
RES013606;2024/09/23;At the hotel;247;2024/09/23;1;0;101
RES013607;2024/10/09;GDS;302;2024/10/14;2;159,85;106
RES013608;2024/10/14;Connected Wholesaler;424;2024/10/15;1;99,4;105
RES013609;2024/09/25;At the hotel;103;2024/10/23;1;72,29;103
RES013610;2024/10/07;Velora.com;221;2024/10/13;1;148,48;109
RES013611;2024/09/30;Connected Wholesaler;277;2024/10/07;1;90,86;110
RES013612;2024/05/21;At the hotel;299;2024/10/06;2;112,05;103
RES013613;2024/10/07;Velora.com;233;2024/10/16;1;107,53;104
RES013614;2024/09/04;Velora.com;17;2024/10/21;1;224,32;101
RES013615;2024/09/24;App;32;2024/10/01;1;120,48;110
RES013616;2024/09/12;GDS;497;2024/09/21;2;149,39;103
RES013617;2024/08/26;Velora.com;149;2024/09/13;1;143,06;102
RES013618;2024/09/24;At the hotel;204;2024/09/26;3;105,2;104
RES013619;2024/10/17;GDS;123;2024/10/23;2;128,84;104
RES013620;2024/09/06;Velora.com;113;2024/09/10;3;129,62;107
RES013621;2024/10/08;GDS;141;2024/10/10;5;127,81;103
RES013622;2024/09/12;GDS;60;2024/09/17;2;145,45;109
RES013623;2024/09/24;Velora.com;101;2024/10/29;2;206,15;105
RES013624;2024/10/02;Velora.com;13;2024/10/09;1;33,78;107
RES013625;2024/09/18;At the hotel;136;2024/09/23;2;0;101
RES013626;2024/10/09;At the hotel;239;2024/10/11;2;0;103
RES013627;2024/09/03;At the hotel;378;2024/09/04;1;142,5;104
RES013628;2024/09/20;Velora.com;51;2024/09/20;2;145,03;110
RES013629;2024/09/30;At the hotel;443;2024/11/03;3;33,73;110
RES013630;2024/10/03;GDS;137;2024/10/08;1;154,54;110
RES013631;2024/08/17;At the hotel;498;2024/09/25;1;156,62;104
RES013632;2024/10/23;Phone;151;2024/10/25;2;39,69;109
RES013633;2024/09/02;Velora.com;160;2024/09/10;1;36,07;110
RES013634;2024/09/17;Phone;351;2024/10/24;1;132,53;104
RES013635;2024/09/01;At the hotel;137;2024/09/02;1;117,69;105
RES013636;2024/04/23;At the hotel;153;2024/10/03;1;144,58;104
RES013637;2024/09/23;App;256;2024/11/04;3;146,56;106
RES013638;2024/09/12;Phone;398;2024/10/07;3;168,81;107
RES013639;2024/10/02;GDS;229;2024/10/26;3;114,55;104
RES013640;2024/09/21;At the hotel;364;2024/11/03;3;150,6;102
RES013641;2024/08/22;GDS;19;2024/09/16;2;168,81;102
RES013642;2024/10/17;At the hotel;475;2024/10/18;2;218,18;104
RES013643;2024/09/14;At the hotel;115;2024/10/27;3;262,3;101
RES013644;2024/10/11;App;352;2024/10/19;5;146,39;110
RES013645;2024/09/14;Velora.com;280;2024/09/15;3;127,03;105
RES013646;2024/10/02;Phone;73;2024/10/02;1;145,45;107
RES013647;2024/09/24;Velora.com;114;2024/10/02;1;178,27;101
RES013648;2024/09/18;App;92;2024/09/22;1;134,65;110
RES013649;2024/07/23;App;53;2024/09/05;4;170,99;108
RES013650;2024/09/07;At the hotel;407;2024/09/09;1;162,65;103
RES013651;2024/04/25;Velora.com;72;2024/09/30;1;168,67;107
RES013652;2024/10/10;Velora.com;421;2024/10/20;1;33,99;110
RES013653;2024/09/16;GDS;497;2024/10/15;1;159,91;105
RES013654;2024/08/24;Phone;216;2024/09/12;4;298,38;107
RES013655;2024/08/05;Velora.com;244;2024/10/13;1;34,25;106
RES013656;2024/10/11;Velora.com;457;2024/10/12;1;119,28;103
RES013657;2024/08/24;Velora.com;241;2024/09/03;2;196,07;109
RES013658;2024/07/16;Velora.com;252;2024/10/27;1;196,07;104
RES013659;2024/09/15;At the hotel;388;2024/09/15;3;232,72;104
RES013660;2024/10/24;App;58;2024/10/26;5;120,32;105
RES013661;2024/09/20;Velora.com;332;2024/09/29;2;131,47;103
RES013662;2024/10/15;Velora.com;422;2024/10/30;1;135,78;110
RES013663;2024/08/04;GDS;50;2024/09/19;1;133,33;104
RES013664;2024/10/10;Connected Wholesaler;33;2024/10/10;3;191,91;109
RES013665;2024/10/06;At the hotel;201;2024/11/12;2;70,47;109
RES013666;2024/09/05;GDS;321;2024/09/09;1;123,63;109
RES013667;2024/10/13;At the hotel;176;2024/10/17;1;138,55;107
RES013668;2024/10/09;App;244;2024/10/25;3;156,75;108
RES013669;2024/09/28;App;330;2024/10/01;1;139,87;102
RES013670;2024/09/14;Connected Wholesaler;430;2024/09/19;2;178,62;106
RES013672;2024/10/12;App;22;2024/10/31;1;187,33;110
RES013673;2024/10/23;App;184;2024/10/31;2;146,56;110
RES013674;2024/08/21;GDS;234;2024/10/05;2;190,25;110
RES013675;2024/09/05;Phone;372;2024/09/16;1;144,91;101
RES013676;2024/07/08;Velora.com;366;2024/10/20;2;83,1;108
RES013677;2024/10/10;Connected Wholesaler;87;2024/10/14;2;85,21;106
RES013678;2024/10/12;Velora.com;293;2024/10/12;4;33,78;105
RES013679;2024/10/01;At the hotel;377;2024/10/05;1;33,94;105
RES013680;2024/10/25;At the hotel;145;2024/10/25;1;70,48;110
RES013681;2024/08/08;GDS;219;2024/09/16;2;198,79;103
RES013682;2024/10/13;GDS;182;2024/10/14;3;156,61;105
RES013683;2024/05/16;Phone;169;2024/10/16;1;141,61;110
RES013684;2024/08/10;GDS;270;2024/09/10;1;145,99;104
RES013685;2024/09/14;Phone;317;2024/09/19;1;191,34;110
RES013686;2024/09/17;Velora.com;41;2024/09/22;1;78,31;108
RES013687;2024/08/23;Phone;10;2024/10/03;1;198,79;108
RES013688;2024/10/20;At the hotel;371;2024/10/25;2;180,35;106
RES013689;2024/09/01;At the hotel;210;2024/09/05;1;70,54;101
RES013690;2024/09/03;Phone;207;2024/10/29;1;102,27;109
RES013691;2024/09/06;Velora.com;207;2024/09/15;1;219,75;107
RES013693;2024/09/18;Phone;106;2024/09/26;3;183,11;104
RES013694;2024/09/30;Velora.com;4;2024/11/09;1;230,43;104
RES013695;2024/09/02;App;152;2024/10/13;2;129,92;102
RES013696;2024/10/04;App;423;2024/10/12;2;104,33;109
RES013697;2024/10/09;At the hotel;192;2024/10/12;3;144,58;105
RES013698;2024/09/10;Velora.com;37;2024/09/11;2;242,76;102
RES013699;2024/09/06;Velora.com;138;2024/10/18;1;188,9;101
RES013700;2024/10/06;At the hotel;306;2024/11/19;2;0;103
RES013701;2024/07/14;Velora.com;299;2024/10/13;3;148,49;108
RES013702;2024/08/09;GDS;179;2024/10/11;1;135,77;108
RES013703;2024/09/16;At the hotel;449;2024/10/25;1;156,61;105
RES013704;2024/10/04;Connected Wholesaler;371;2024/11/05;1;102,04;104
RES013705;2024/09/09;GDS;277;2024/10/24;1;130,5;110
RES013706;2024/09/29;At the hotel;90;2024/10/04;3;157,57;108
RES013707;2024/09/07;At the hotel;34;2024/09/07;3;179,39;107
RES013708;2024/09/20;Velora.com;281;2024/10/07;3;212,09;102
RES013709;2024/09/27;App;38;2024/10/02;1;122,89;104
RES013710;2024/10/24;App;313;2024/10/30;1;113,52;107
RES013711;2024/10/03;Velora.com;120;2024/10/07;1;150,4;101
RES013712;2024/10/01;At the hotel;130;2024/11/02;2;77,43;105
RES013713;2024/09/04;Connected Wholesaler;108;2024/09/11;3;105,45;110
RES013714;2024/09/02;Phone;294;2024/09/02;1;145,45;105
RES013715;2023/12/01;Velora.com;292;2024/10/30;1;112,8;109
RES013716;2024/08/17;Velora.com;107;2024/10/23;2;225,48;102
RES013717;2024/09/08;At the hotel;137;2024/09/13;1;160,37;106
RES013718;2024/09/30;At the hotel;343;2024/10/08;1;34,2;101
RES013719;2024/02/13;Velora.com;273;2024/10/25;2;220,48;105
RES013720;2024/09/03;Phone;210;2024/10/22;2;210,84;108
RES013721;2024/10/05;At the hotel;262;2024/10/20;2;0;104
RES013722;2024/09/22;Phone;190;2024/10/24;2;150,59;110
RES013723;2024/09/22;GDS;152;2024/09/26;2;176,47;101
RES013724;2024/09/04;Velora.com;344;2024/09/14;1;106,2;103
RES013725;2024/09/25;At the hotel;6;2024/10/11;1;246,41;104
RES013726;2024/08/14;Phone;226;2024/09/24;1;166,85;108
RES013727;2024/10/07;At the hotel;203;2024/11/03;1;70,48;107
RES013728;2024/09/09;At the hotel;180;2024/09/09;1;297,83;102
RES013729;2024/10/25;App;266;2024/10/26;1;134,57;103
RES013730;2024/09/04;GDS;39;2024/09/13;2;134,34;107
RES013731;2024/10/30;App;266;2024/10/31;1;119,28;110
RES013732;2024/09/27;Connected Wholesaler;404;2024/09/29;2;114,85;109
RES013733;2024/09/19;GDS;61;2024/10/15;2;190,46;104
RES013734;2024/08/15;Velora.com;440;2024/09/06;2;108,73;106
RES013735;2024/09/18;GDS;19;2024/09/22;2;158,53;109
RES013736;2024/09/07;App;375;2024/10/14;3;162,65;106
RES013737;2024/09/20;GDS;335;2024/10/08;1;162,63;102
RES013738;2024/09/17;App;242;2024/10/17;2;187,41;107
RES013739;2024/09/11;GDS;282;2024/09/23;1;128,74;103
RES013740;2024/09/11;GDS;415;2024/09/18;2;180,35;107
RES013741;2024/09/06;At the hotel;358;2024/09/10;2;33,66;107
RES013742;2024/10/24;At the hotel;393;2024/10/25;3;33,73;108
RES013743;2024/09/04;At the hotel;420;2024/09/06;1;175,87;109
RES013744;2024/08/01;Velora.com;96;2024/09/06;2;133,33;110
RES013745;2024/10/15;GDS;334;2024/10/16;2;161,21;110
RES013746;2024/10/10;App;287;2024/10/19;3;186,74;104
RES013747;2024/09/08;Velora.com;417;2024/09/27;2;215,82;110
RES013748;2024/09/05;Velora.com;87;2024/09/15;2;26,28;109
RES013749;2024/10/28;GDS;417;2024/10/29;2;132,64;105
RES013750;2024/08/16;At the hotel;310;2024/09/26;4;139,75;101
RES013751;2024/09/15;Phone;447;2024/10/08;1;167,55;106
RES013752;2024/10/01;Velora.com;16;2024/10/07;3;177,09;101
RES013753;2024/09/19;App;276;2024/09/20;1;115,85;106
RES013754;2024/09/07;Phone;365;2024/11/03;1;281,55;102
RES013755;2024/09/25;Velora.com;172;2024/10/07;1;137,63;102
RES013756;2024/09/14;App;246;2024/09/14;1;144,7;106
RES013757;2024/08/25;At the hotel;166;2024/10/25;1;145,45;107
RES013758;2024/10/26;GDS;210;2024/10/30;2;231,22;102
RES013759;2024/08/15;GDS;195;2024/09/04;2;169,69;104
RES013760;2024/10/17;At the hotel;417;2024/10/18;1;33,73;107
RES013761;2024/10/27;Velora.com;418;2024/10/27;1;162,31;105
RES013762;2024/09/01;App;439;2024/09/15;4;388,52;104
RES013763;2024/09/23;At the hotel;491;2024/10/26;1;169,69;110
RES013764;2024/09/17;App;175;2024/09/22;2;155,2;110
RES013765;2024/09/21;Phone;339;2024/10/14;3;161,21;102
RES013766;2024/09/30;Velora.com;377;2024/10/13;1;196;104
RES013767;2024/07/24;Velora.com;126;2024/09/26;1;225,28;110
RES013768;2024/08/29;App;499;2024/09/06;1;165,15;106
RES013769;2024/10/13;At the hotel;387;2024/10/13;1;173,48;110
RES013770;2024/08/09;GDS;7;2024/10/24;1;148,49;101
RES013771;2024/09/01;Velora.com;3;2024/10/31;1;134,64;110
RES013772;2024/09/30;At the hotel;313;2024/10/02;2;114,21;108
RES013773;2024/10/16;Connected Wholesaler;498;2024/10/22;1;225,6;102
RES013774;2024/08/21;Velora.com;284;2024/10/23;1;33,78;109
RES013775;2024/09/13;GDS;157;2024/09/22;4;134,97;109
RES013776;2024/09/05;Phone;492;2024/09/06;5;141,82;110
RES013777;2024/09/17;Velora.com;12;2024/10/03;1;327,31;103
RES013778;2024/10/29;At the hotel;93;2024/11/30;3;130,66;103
RES013779;2024/08/28;At the hotel;18;2024/09/16;1;72,29;108
RES013780;2024/10/18;App;340;2024/10/29;1;168,07;103
RES013781;2024/09/07;GDS;12;2024/09/25;3;168,66;101
RES013782;2024/10/10;Velora.com;328;2024/11/14;2;181,67;106
RES013783;2024/09/18;At the hotel;180;2024/09/21;2;0;108
RES013784;2024/09/25;At the hotel;453;2024/10/26;1;125,3;101
RES013785;2024/10/08;Connected Wholesaler;132;2024/10/17;1;264,28;103
RES013786;2024/10/27;At the hotel;209;2024/10/30;2;126,61;102
RES013787;2024/09/01;Velora.com;400;2024/10/04;1;241,16;110
RES013788;2024/09/16;At the hotel;48;2024/09/17;1;168,66;108
RES013789;2024/09/28;GDS;125;2024/10/02;2;169,15;103
RES013790;2024/10/08;App;59;2024/10/09;1;168,81;105
RES013791;2024/08/22;GDS;81;2024/09/18;2;287,47;106
RES013792;2024/09/27;GDS;325;2024/10/30;1;184,36;105
RES013793;2024/09/12;Velora.com;448;2024/09/12;2;182,46;110
RES013794;2024/06/05;Velora.com;370;2024/09/21;3;34,25;106
RES013795;2024/10/16;App;413;2024/10/25;1;135,76;109
RES013796;2024/10/19;Phone;394;2024/10/23;1;173,43;109
RES013797;2024/10/11;At the hotel;435;2024/10/12;2;0;107
RES013798;2024/06/20;Phone;9;2024/09/19;1;141,61;104
RES013799;2024/09/30;Velora.com;47;2024/10/11;2;125,9;109
RES013800;2024/10/14;At the hotel;303;2024/10/18;2;132,53;108
RES013801;2024/09/25;At the hotel;95;2024/10/09;2;72,29;103
RES013802;2024/09/08;At the hotel;186;2024/09/08;1;57,23;104
RES013803;2024/09/07;Velora.com;487;2024/09/19;3;233,39;107
RES013804;2024/09/17;Velora.com;164;2024/10/07;2;202,33;101
RES013805;2024/09/19;Connected Wholesaler;186;2024/10/20;1;115,53;110
RES013806;2024/10/12;Phone;99;2024/11/02;2;160,04;103
RES013807;2024/07/23;Velora.com;277;2024/09/13;3;257,74;109
RES013808;2024/10/06;App;99;2024/10/23;2;168,67;101
RES013809;2024/10/11;At the hotel;158;2024/10/15;1;33,73;108
RES013810;2024/10/04;Velora.com;153;2024/10/04;2;138,37;101
RES013811;2024/08/09;GDS;248;2024/09/13;1;198,79;105
RES013812;2024/09/01;Velora.com;42;2024/09/30;2;103,13;107
RES013813;2024/10/08;Velora.com;379;2024/10/13;2;150,66;104
RES013814;2024/09/16;Velora.com;122;2024/09/17;2;177,25;109
RES013815;2024/09/06;Velora.com;368;2024/09/09;1;123,97;104
RES013816;2024/09/30;At the hotel;323;2024/10/02;1;222,59;109
RES013817;2024/01/07;App;185;2024/10/02;1;122,13;104
RES013818;2024/07/19;Phone;347;2024/09/28;2;180,72;101
RES013819;2024/08/23;Velora.com;105;2024/09/15;1;112,85;109
RES013820;2024/10/02;Velora.com;436;2024/10/09;1;117,77;107
RES013821;2024/09/26;Velora.com;34;2024/11/01;3;171,2;109
RES013822;2024/10/05;At the hotel;361;2024/10/10;2;70,91;109
RES013823;2024/10/09;GDS;179;2024/10/16;4;126,5;102
RES013824;2024/10/11;At the hotel;210;2024/10/11;2;66,26;103
RES013825;2024/08/23;Velora.com;407;2024/09/05;1;274,32;103
RES013826;2024/10/10;At the hotel;304;2024/10/27;3;145,45;103
RES013827;2024/08/27;Phone;491;2024/09/24;1;201,97;105
RES013828;2024/09/18;Velora.com;396;2024/09/21;1;131,71;104
RES013829;2024/11/01;App;141;2024/11/02;2;130,05;107
RES013830;2024/07/04;Velora.com;286;2024/10/01;2;79,38;105
RES013831;2024/09/09;Velora.com;151;2024/09/13;3;123,73;109
RES013832;2024/09/04;Phone;26;2024/10/09;1;151,79;107
RES013833;2024/08/26;Velora.com;231;2024/09/19;1;33,99;104
RES013834;2024/09/21;At the hotel;347;2024/09/22;1;126,5;108
RES013835;2024/10/13;GDS;338;2024/10/16;1;113,33;101
RES013836;2024/10/11;Connected Wholesaler;498;2024/10/13;2;93,66;106
RES013837;2024/08/29;Velora.com;425;2024/09/10;1;229,31;108
RES013838;2024/08/31;App;459;2024/10/13;2;190,73;101
RES013839;2024/10/12;At the hotel;233;2024/10/21;1;151,8;101
RES013840;2024/08/29;Phone;100;2024/10/15;2;151,93;104
RES013841;2024/10/02;At the hotel;272;2024/10/02;1;132,25;105
RES013842;2024/09/09;GDS;327;2024/09/25;1;133,23;106
RES013843;2024/08/08;App;438;2024/10/10;1;142,57;106
RES013844;2024/10/06;GDS;33;2024/10/08;2;107,53;108
RES013845;2024/10/16;At the hotel;234;2024/10/17;2;0;102
RES013846;2024/08/14;Phone;154;2024/09/09;2;118,17;108
RES013847;2024/08/23;Velora.com;126;2024/09/03;2;133,94;102
RES013848;2024/08/15;Velora.com;152;2024/09/05;3;294,78;102
RES013849;2024/09/05;Phone;118;2024/09/13;1;150,6;101
RES013850;2024/10/21;Phone;427;2024/10/21;1;175,9;110
RES013851;2024/09/10;GDS;83;2024/10/10;2;150,53;103
RES013852;2024/08/30;GDS;394;2024/09/19;1;261,33;101
RES013853;2024/09/25;Velora.com;224;2024/10/19;1;160,33;109
RES013854;2024/10/01;Velora.com;262;2024/10/06;1;241,54;108
RES013855;2024/10/20;GDS;433;2024/11/01;4;106,02;103
RES013856;2024/09/05;Velora.com;201;2024/10/08;2;209,16;110
RES013857;2024/10/12;At the hotel;238;2024/10/13;2;178,3;106
RES013858;2024/07/22;Velora.com;284;2024/10/24;3;33,78;104
RES013859;2024/10/23;Velora.com;474;2024/10/25;1;33,99;109
RES013860;2024/09/04;GDS;13;2024/09/25;4;192,75;110
RES013861;2024/10/24;Velora.com;369;2024/10/25;1;112,83;110
RES013862;2024/09/22;GDS;495;2024/09/29;1;168,32;107
RES013863;2024/10/03;Connected Wholesaler;164;2024/10/29;1;114,24;106
RES013864;2024/08/27;GDS;16;2024/10/28;2;164,88;107
RES013865;2024/09/25;At the hotel;485;2024/09/26;2;69,7;102
RES013866;2024/10/25;Velora.com;65;2024/10/27;2;129,99;104
RES013867;2024/10/23;At the hotel;444;2024/10/24;3;209,77;105
RES013868;2024/08/08;GDS;78;2024/10/02;1;133,33;103
RES013869;2024/10/23;App;279;2024/10/30;2;134,59;101
RES013870;2024/10/09;At the hotel;176;2024/10/13;1;143,97;102
RES013871;2024/10/21;At the hotel;32;2024/10/25;1;149,4;110
RES013872;2024/10/08;App;475;2024/11/02;2;148,78;108
RES013873;2024/10/10;Velora.com;213;2024/10/20;1;120,98;109
RES013874;2024/09/09;Velora.com;13;2024/09/30;1;117,89;104
RES013875;2024/10/22;At the hotel;368;2024/10/26;2;34,2;101
RES013876;2024/09/09;Velora.com;253;2024/09/11;3;118,69;101
RES013877;2024/09/29;App;181;2024/10/03;3;109,5;105
RES013878;2024/09/17;Connected Wholesaler;330;2024/10/05;1;181,12;108
RES013879;2024/08/19;App;26;2024/10/17;1;245,99;103
RES013880;2024/08/19;App;110;2024/09/22;2;102,17;104
RES013881;2024/10/03;GDS;65;2024/10/20;2;108,81;108
RES013882;2024/10/16;Phone;72;2024/11/04;2;133,33;108
RES013883;2024/10/10;Velora.com;209;2024/10/11;1;188,06;109
RES013884;2024/07/06;GDS;387;2024/09/08;3;140,95;102
RES013885;2024/10/09;GDS;383;2024/10/26;2;137,4;108
RES013886;2024/09/18;GDS;224;2024/10/01;2;277,33;106
RES013887;2024/10/15;App;124;2024/11/20;2;113,75;105
RES013888;2024/09/19;At the hotel;242;2024/10/04;1;151,79;109
RES013889;2024/08/14;GDS;449;2024/10/02;2;117,03;104
RES013890;2024/06/16;Velora.com;164;2024/09/28;3;33,99;109
RES013891;2024/09/13;GDS;155;2024/10/19;1;143,37;102
RES013892;2024/10/24;At the hotel;326;2024/10/29;2;33,73;102
RES013893;2024/07/15;GDS;500;2024/09/06;1;213,73;107
RES013894;2024/08/03;GDS;39;2024/10/10;2;190,34;104
RES013895;2024/09/04;App;106;2024/09/16;1;204,98;101
RES013896;2024/09/21;App;399;2024/09/24;1;117,37;105
RES013897;2024/10/01;At the hotel;4;2024/10/02;2;120,48;104
RES013898;2024/08/13;Velora.com;424;2024/09/15;4;188,9;107
RES013899;2024/09/03;App;381;2024/09/11;2;155,42;101
RES013900;2024/09/17;Velora.com;405;2024/11/01;1;33,78;107
RES013901;2024/10/06;At the hotel;421;2024/10/13;2;78,59;105
RES013902;2024/07/16;GDS;123;2024/09/10;1;211,38;104
RES013903;2024/08/06;GDS;365;2024/10/03;3;180,48;103
RES013904;2024/10/13;App;180;2024/10/13;2;140,45;110
RES013905;2024/10/08;At the hotel;394;2024/10/09;1;202,61;102
RES013906;2024/09/21;Velora.com;43;2024/10/05;2;133,13;106
RES013907;2024/09/24;At the hotel;47;2024/09/25;3;125,3;104
RES013908;2024/09/01;At the hotel;155;2024/09/19;3;198,53;106
RES013909;2024/08/31;App;72;2024/10/06;2;119,08;104
RES013910;2024/10/19;Velora.com;347;2024/11/03;2;161,05;103
RES013911;2024/10/30;Phone;204;2024/11/01;3;108,73;104
RES013912;2024/04/09;Velora.com;21;2024/10/30;2;60,16;109
RES013913;2024/10/01;GDS;414;2024/10/15;1;162,63;102
RES013914;2024/10/02;At the hotel;114;2024/11/03;1;175,87;102
RES013915;2024/09/04;App;350;2024/09/07;2;141,13;109
RES013916;2024/10/06;GDS;244;2024/10/09;1;117,77;108
RES013917;2024/08/26;GDS;246;2024/09/04;3;144,28;110
RES013918;2024/10/22;App;87;2024/10/23;3;178,8;108
RES013919;2024/10/01;At the hotel;384;2024/10/13;2;192,93;106
RES013920;2024/09/09;At the hotel;358;2024/09/12;1;62,65;102
RES013921;2024/08/04;GDS;342;2024/10/15;3;312,47;102
RES013922;2024/09/04;GDS;68;2024/09/12;1;231,22;103
RES013923;2024/10/06;Connected Wholesaler;145;2024/10/26;2;141,98;103
RES013924;2024/09/17;Phone;93;2024/09/22;2;116,96;101
RES013925;2024/08/23;Velora.com;311;2024/09/11;1;200,45;101
RES013926;2024/10/20;Velora.com;491;2024/10/28;1;141,68;101
RES013927;2024/09/20;Velora.com;165;2024/10/04;1;92,17;104
RES013928;2024/09/24;Phone;386;2024/10/23;2;229,22;105
RES013929;2024/09/19;Velora.com;295;2024/10/02;2;169,53;101
RES013930;2024/09/14;Phone;377;2024/10/16;1;132,53;102
RES013931;2024/10/23;At the hotel;340;2024/10/25;2;176,05;102
RES013932;2024/03/15;At the hotel;399;2024/10/14;1;101,98;107
RES013933;2024/10/17;GDS;267;2024/10/28;3;158,71;110
RES013934;2024/10/02;Velora.com;484;2024/11/03;1;112,26;107
RES013935;2024/08/29;GDS;277;2024/09/21;3;200,16;103
RES013936;2024/09/27;At the hotel;41;2024/09/28;1;228,91;103
RES013937;2024/08/24;App;316;2024/09/29;4;119,28;104
RES013938;2024/10/15;GDS;215;2024/10/20;1;126,5;107
RES013939;2024/09/13;GDS;42;2024/10/21;1;128,84;101
RES013940;2024/09/23;GDS;66;2024/10/07;4;174,84;101
RES013941;2024/09/12;Phone;78;2024/09/14;1;145,8;101
RES013942;2024/09/20;App;491;2024/10/02;2;169,46;101
RES013943;2024/10/08;At the hotel;122;2024/11/12;1;150,3;110
RES013944;2024/07/09;GDS;444;2024/10/02;1;158,77;102
RES013945;2024/10/08;Velora.com;243;2024/10/08;2;118,2;103
RES013946;2024/09/10;GDS;92;2024/09/12;4;115,66;110
RES013947;2024/08/07;Velora.com;242;2024/09/07;1;120,18;109
RES013948;2024/10/02;Phone;487;2024/10/13;3;116,87;110
RES013949;2024/08/25;App;381;2024/09/25;1;222,93;110
RES013950;2024/10/12;At the hotel;213;2024/10/13;2;161,43;108
RES013951;2024/09/26;App;59;2024/09/27;1;156,42;102
RES013952;2024/08/29;Velora.com;346;2024/09/11;2;188,52;102
RES013953;2024/10/17;Other;363;2024/10/24;2;132,53;107
RES013954;2024/08/24;GDS;487;2024/09/18;1;168,81;108
RES013955;2024/09/02;GDS;353;2024/09/03;1;115,15;103
RES013956;2024/06/28;App;384;2024/09/09;4;192,77;110
RES013957;2024/08/02;Velora.com;122;2024/10/04;1;125,99;105
RES013958;2024/10/06;Connected Wholesaler;19;2024/11/07;1;105,72;108
RES013959;2024/08/30;Velora.com;1;2024/09/06;1;143,49;105
RES013960;2024/09/05;Velora.com;378;2024/10/18;3;165,95;107
RES013961;2024/10/03;GDS;240;2024/10/03;1;132,52;102
RES013962;2024/10/13;Velora.com;484;2024/10/14;1;112,85;104
RES013963;2024/07/06;Velora.com;443;2024/10/03;2;324,96;104
RES013964;2024/09/30;At the hotel;141;2024/09/30;2;156,3;102
RES013965;2024/09/13;GDS;37;2024/09/18;1;193,94;110
RES013966;2024/09/11;At the hotel;399;2024/10/29;1;224,28;101
RES013967;2024/10/09;At the hotel;53;2024/10/11;2;173,26;109
RES013968;2024/09/23;Velora.com;120;2024/09/23;1;118,79;104
RES013969;2024/08/29;App;100;2024/09/07;2;162,31;110
RES013970;2024/09/07;App;494;2024/09/07;4;153,74;108
RES013971;2024/08/08;Velora.com;489;2024/09/12;4;222,43;106
RES013972;2024/08/03;GDS;325;2024/09/30;5;145,77;107
RES013973;2024/09/24;At the hotel;31;2024/10/01;2;207,27;110
RES013974;2024/09/14;GDS;441;2024/09/22;2;110,19;105
RES013975;2024/10/06;At the hotel;459;2024/10/15;4;33,73;103
RES013976;2024/03/31;At the hotel;97;2024/09/10;2;144,58;103
RES013977;2024/09/22;GDS;54;2024/10/23;3;186,73;101
RES013978;2024/10/09;At the hotel;347;2024/10/18;3;118,17;101
RES013979;2024/09/17;Connected Wholesaler;359;2024/09/18;2;104,82;101
RES013980;2024/10/02;App;11;2024/10/06;2;145,45;102
RES013981;2024/09/03;App;328;2024/10/06;2;167,79;109
RES013982;2024/10/14;Connected Wholesaler;5;2024/10/21;2;133,46;109
RES013983;2024/10/11;At the hotel;225;2024/10/14;2;78,59;101
RES013984;2024/08/30;GDS;468;2024/09/23;2;170,98;106
RES013985;2024/09/17;Velora.com;193;2024/09/30;2;176,74;105
RES013986;2024/09/26;Velora.com;112;2024/10/02;3;135,78;101
RES013987;2024/09/06;GDS;418;2024/09/14;2;163,63;106
RES013988;2024/09/03;GDS;118;2024/09/09;1;145,45;105
RES013989;2024/09/09;App;117;2024/10/11;1;94,12;101
RES013990;2024/10/02;At the hotel;411;2024/11/05;2;149,4;109
RES013991;2024/09/09;Velora.com;238;2024/10/18;2;154,52;101
RES013992;2024/08/05;At the hotel;110;2024/09/21;1;158,77;101
RES013993;2024/09/19;Velora.com;161;2024/09/21;1;148,48;103
RES013994;2024/08/02;App;439;2024/09/29;1;141,42;108
RES013995;2024/10/15;GDS;434;2024/10/20;2;132,04;110
RES013996;2024/09/08;At the hotel;393;2024/09/28;1;62,64;108
RES013997;2024/09/13;GDS;299;2024/09/24;2;112,05;108
RES013998;2024/09/13;At the hotel;217;2024/09/24;1;222,59;107
RES013999;2024/10/20;App;361;2024/10/26;2;129,75;104
RES014000;2024/08/15;Velora.com;491;2024/09/30;3;200,5;105
RES014001;2024/10/08;Velora.com;402;2024/10/18;1;74,94;110
RES014002;2024/09/24;At the hotel;436;2024/09/28;2;149,4;103
RES014003;2024/09/08;Velora.com;332;2024/09/12;1;82,6;110
RES014004;2024/09/20;App;181;2024/10/11;1;131,76;101
RES014005;2024/10/12;GDS;442;2024/10/13;3;82,6;109
RES014006;2024/09/14;Velora.com;217;2024/10/24;3;147,59;102
RES014007;2024/09/09;GDS;265;2024/09/11;1;106,02;103
RES014008;2024/06/12;Velora.com;454;2024/09/27;4;130,72;109
RES014009;2024/10/12;GDS;204;2024/10/17;1;276,94;102
RES014010;2024/10/03;Velora.com;429;2024/10/03;1;242,76;102
RES014011;2024/10/11;Phone;209;2024/10/12;2;88,1;106
RES014012;2024/09/05;App;162;2024/09/19;3;437,06;109
RES014013;2024/09/19;GDS;213;2024/10/31;1;174,84;105
RES014014;2024/10/14;GDS;112;2024/10/17;2;144,7;106
RES014015;2024/09/25;GDS;160;2024/10/02;3;135,7;105
RES014016;2024/04/26;At the hotel;159;2024/09/25;2;98,79;101
RES014017;2024/10/15;At the hotel;311;2024/10/20;3;212,51;101
RES014018;2024/08/04;At the hotel;67;2024/09/26;2;158,77;108
RES014019;2024/09/17;Connected Wholesaler;388;2024/10/03;3;140,91;109
RES014020;2024/08/17;GDS;201;2024/09/05;1;228,38;101
RES014021;2024/10/09;At the hotel;270;2024/10/11;4;168,67;107
RES014022;2024/10/25;At the hotel;337;2024/11/25;2;0;109
RES014023;2024/10/21;GDS;63;2024/11/02;1;138,24;107
RES014024;2024/09/06;App;126;2024/10/02;1;166,16;101
RES014025;2024/09/08;At the hotel;269;2024/09/09;1;162,65;108
RES014026;2024/09/23;Phone;396;2024/10/05;1;128,9;107
RES014027;2024/09/21;At the hotel;188;2024/09/30;2;33,73;110
RES014028;2024/09/28;At the hotel;194;2024/10/30;2;177,09;104
RES014029;2024/09/13;Velora.com;190;2024/09/14;1;162,43;106
RES014030;2024/10/01;At the hotel;232;2024/10/04;2;126,61;104
RES014031;2024/10/02;At the hotel;389;2024/10/05;1;149,4;102
RES014032;2024/09/28;At the hotel;277;2024/10/01;2;78;103
RES014033;2024/08/31;GDS;230;2024/09/27;1;153,08;105
RES014034;2024/10/07;App;370;2024/10/26;2;141,25;101
RES014035;2024/10/01;Phone;392;2024/10/12;1;112,83;107
RES014036;2024/10/15;App;131;2024/10/19;3;146,39;104
RES014037;2024/08/28;At the hotel;453;2024/09/11;1;72,29;108
RES014038;2024/09/08;App;251;2024/10/15;2;126,5;108
RES014039;2024/09/14;App;63;2024/09/21;2;134,17;104
RES014040;2024/10/07;At the hotel;95;2024/10/10;1;159;103
RES014041;2024/09/02;At the hotel;375;2024/09/12;1;33,73;104
RES014042;2024/08/01;Connected Wholesaler;441;2024/09/18;1;150,29;105
RES014043;2024/09/24;Connected Wholesaler;45;2024/11/03;2;191,39;107
RES014044;2024/10/08;Velora.com;291;2024/10/29;4;220,86;102
RES014045;2024/10/06;At the hotel;202;2024/10/29;2;33,73;110
RES014046;2024/09/27;Velora.com;328;2024/10/11;1;114,45;104
RES014047;2024/10/08;Phone;190;2024/10/13;1;129,02;108
RES014048;2024/08/24;App;425;2024/09/15;2;113,17;105
RES014049;2024/08/22;Velora.com;359;2024/09/26;3;153,61;102
RES014050;2024/09/27;Velora.com;204;2024/10/01;4;130,66;105
RES014051;2024/10/17;At the hotel;256;2024/10/17;3;172,68;102
RES014052;2024/10/11;Connected Wholesaler;486;2024/10/12;1;162,78;110
RES014053;2024/09/23;Velora.com;167;2024/10/11;2;185,42;104
RES014054;2024/09/17;Velora.com;285;2024/09/21;2;117,87;110
RES014055;2024/09/08;At the hotel;179;2024/09/08;1;0;106
RES014056;2024/09/24;Velora.com;377;2024/10/02;2;134,4;107
RES014057;2024/09/19;Velora.com;166;2024/10/02;2;157,83;104
RES014058;2024/10/04;Velora.com;320;2024/10/04;2;145,03;110
RES014059;2024/08/30;Velora.com;325;2024/10/22;1;175,9;102
RES014060;2024/10/10;Connected Wholesaler;293;2024/10/13;2;103,58;110
RES014061;2024/09/14;At the hotel;409;2024/09/15;1;178,3;101
RES014062;2024/09/29;Velora.com;57;2024/10/24;1;34,25;101
RES014063;2024/09/05;At the hotel;114;2024/09/07;1;149,52;106
RES014064;2024/07/01;App;79;2024/10/02;1;460,67;109
RES014065;2024/09/12;At the hotel;453;2024/09/12;2;368,54;109
RES014066;2024/10/03;Phone;453;2024/11/06;1;142,12;103
RES014067;2024/09/13;GDS;400;2024/10/16;2;151,8;109
RES014068;2024/09/21;GDS;190;2024/10/22;1;210,82;101
RES014069;2024/08/30;App;156;2024/09/18;4;199,87;102
RES014070;2024/09/25;GDS;102;2024/10/15;3;180,48;109
RES014071;2024/10/09;Connected Wholesaler;444;2024/11/16;1;144,56;101
RES014072;2024/09/06;GDS;170;2024/10/25;3;194,87;101
RES014073;2024/10/06;At the hotel;393;2024/10/11;1;132,64;108
RES014074;2024/10/13;At the hotel;224;2024/10/17;1;138,55;102
RES014075;2024/05/23;Velora.com;197;2024/09/06;2;188,46;109
RES014076;2024/08/29;Velora.com;254;2024/10/15;2;33,81;107
RES014077;2024/08/17;Velora.com;21;2024/11/03;4;33,78;105
RES014078;2024/09/09;App;489;2024/09/13;1;138,54;106
RES014079;2024/09/14;App;28;2024/09/15;1;125,4;107
RES014081;2024/10/10;GDS;233;2024/11/22;1;118,63;106
RES014082;2024/10/22;At the hotel;423;2024/10/26;1;78,59;106
RES014083;2024/10/08;Connected Wholesaler;147;2024/10/21;2;107,07;105
RES014084;2024/09/28;Phone;498;2024/10/11;1;135,05;109
RES014085;2024/09/19;GDS;98;2024/10/01;2;276,74;109
RES014086;2024/09/23;At the hotel;371;2024/10/20;2;144,58;107
RES014087;2024/10/07;GDS;353;2024/10/10;2;123,73;108
RES014088;2024/07/25;GDS;347;2024/10/08;2;207,26;109
RES014089;2024/10/05;Phone;95;2024/11/08;2;129,52;108
RES014090;2024/10/07;GDS;472;2024/10/23;2;132,53;106
RES014091;2024/10/10;GDS;273;2024/10/16;2;156,75;104
RES014092;2024/09/24;GDS;291;2024/09/26;2;152,66;104
RES014093;2024/09/18;GDS;225;2024/09/22;3;114,43;110
RES014094;2024/10/07;At the hotel;321;2024/10/15;2;48,48;110
RES014095;2024/10/08;Velora.com;183;2024/10/08;3;129,88;109
RES014096;2024/09/12;Phone;93;2024/10/08;1;161,82;101
RES014097;2024/09/30;At the hotel;379;2024/10/02;1;126,61;107
RES014098;2024/07/02;GDS;397;2024/09/25;1;180,72;106
RES014099;2024/10/28;GDS;227;2024/10/29;2;134,34;106
RES014100;2024/10/10;App;475;2024/10/14;1;131,32;108
RES014101;2024/08/31;At the hotel;27;2024/09/04;4;137,35;105
RES014102;2024/09/05;Velora.com;132;2024/09/09;3;193,45;103
RES014103;2024/09/27;App;460;2024/09/29;2;107,84;109
RES014104;2024/10/12;GDS;126;2024/10/21;2;145,48;101
RES014105;2024/09/26;Connected Wholesaler;85;2024/09/26;2;116,39;109
RES014106;2024/10/27;App;438;2024/10/27;1;110,84;102
RES014107;2024/09/28;At the hotel;386;2024/10/01;1;157,57;106
RES014108;2024/09/07;GDS;150;2024/09/18;1;133,33;105
RES014109;2024/10/01;At the hotel;19;2024/10/01;1;70,91;106
RES014110;2024/09/08;GDS;471;2024/09/18;1;180,74;107
RES014111;2024/08/04;GDS;218;2024/09/13;1;122,88;103
RES014112;2024/10/13;At the hotel;407;2024/10/27;2;152,72;109
RES014113;2024/09/05;GDS;327;2024/09/12;2;224,04;109
RES014114;2024/10/26;At the hotel;39;2024/10/27;2;126,61;104
RES014115;2024/09/10;Phone;289;2024/09/26;1;146,66;109
RES014116;2024/10/18;GDS;99;2024/10/21;2;192,37;101
RES014117;2024/09/21;At the hotel;328;2024/09/23;3;219,83;110
RES014118;2024/10/09;At the hotel;387;2024/10/15;3;70,48;103
RES014119;2024/10/19;At the hotel;17;2024/11/21;1;222,59;109
RES014120;2024/10/03;At the hotel;481;2024/11/05;3;149,4;106
RES014121;2024/09/21;At the hotel;417;2024/09/26;2;70,48;109
RES014122;2024/10/20;At the hotel;466;2024/10/24;2;213,73;102
RES014123;2024/10/11;App;146;2024/10/15;2;141,3;110
RES014124;2024/08/27;GDS;357;2024/09/16;1;140,44;103
RES014125;2024/09/28;Velora.com;458;2024/09/29;1;108,43;110
RES014126;2024/08/15;Velora.com;188;2024/09/21;2;154,5;106
RES014127;2024/07/31;GDS;123;2024/10/22;2;190,34;103
RES014128;2024/08/07;GDS;159;2024/10/25;2;133,33;109
RES014129;2024/10/01;At the hotel;70;2024/10/04;3;222,59;101
RES014130;2024/08/26;GDS;267;2024/10/27;1;133,35;110
RES014131;2024/09/25;Velora.com;471;2024/10/01;1;135,43;107
RES014132;2024/10/08;Velora.com;76;2024/10/11;2;188,47;105
RES014133;2024/10/14;At the hotel;56;2024/10/29;3;118,17;108
RES014134;2024/10/01;Phone;302;2024/10/05;1;33,78;109
RES014135;2024/11/01;Velora.com;192;2024/11/01;1;33,78;102
RES014136;2024/09/20;Velora.com;136;2024/10/26;5;207,88;102
RES014137;2024/10/13;Velora.com;432;2024/10/19;1;33,81;103
RES014138;2024/09/05;Phone;375;2024/10/12;3;163,39;107
RES014139;2024/10/21;GDS;418;2024/11/23;1;133,94;102
RES014140;2024/08/25;GDS;111;2024/09/30;3;219,26;105
RES014141;2024/06/13;GDS;270;2024/09/25;1;134,34;103
RES014142;2024/10/22;App;410;2024/10/23;2;166,97;102
RES014143;2024/10/28;GDS;88;2024/11/29;1;112,64;109
RES014144;2024/09/16;Phone;294;2024/09/17;1;189,09;103
RES014145;2024/07/23;GDS;19;2024/09/29;2;162,63;102
RES014146;2024/10/16;Velora.com;385;2024/11/18;4;109,73;106
RES014147;2024/09/07;App;499;2024/10/19;2;211,02;105
RES014148;2024/09/15;At the hotel;53;2024/09/16;2;147,88;102
RES014149;2024/09/30;At the hotel;366;2024/10/02;2;170,98;105
RES014150;2024/10/11;At the hotel;452;2024/10/11;2;150,6;101
RES014151;2024/07/11;GDS;57;2024/09/22;1;148,49;101
RES014152;2024/10/01;At the hotel;442;2024/10/04;2;170,98;107
RES014153;2024/09/04;GDS;82;2024/09/30;1;158,73;110
RES014154;2024/09/26;GDS;494;2024/09/29;1;122,87;109
RES014155;2024/09/01;Velora.com;452;2024/09/05;1;251,34;105
RES014156;2024/10/17;App;336;2024/10/23;1;178,32;104
RES014157;2024/09/05;Velora.com;287;2024/09/08;2;111,25;102
RES014158;2024/08/13;Connected Wholesaler;343;2024/09/21;2;95,24;103
RES014159;2024/09/20;At the hotel;41;2024/09/20;1;138,18;110
RES014160;2024/09/29;Velora.com;394;2024/10/06;3;103,13;110
RES014161;2024/09/17;Velora.com;362;2024/09/28;3;114,46;101
RES014162;2024/10/15;Velora.com;367;2024/11/24;1;147,59;109
RES014163;2024/09/12;Connected Wholesaler;72;2024/10/16;3;154,92;110
RES014164;2024/09/05;At the hotel;149;2024/09/06;3;105,51;110
RES014165;2024/09/23;At the hotel;458;2024/10/08;1;201,51;110
RES014166;2024/10/08;GDS;461;2024/10/16;1;204,39;103
RES014167;2024/09/30;GDS;347;2024/10/06;2;108,18;108
RES014168;2024/09/13;Phone;63;2024/09/15;1;194,98;108
RES014169;2024/08/18;Velora.com;173;2024/10/01;2;148,48;108
RES014170;2024/10/15;At the hotel;297;2024/10/17;1;132,64;103
RES014171;2024/09/28;Phone;109;2024/10/01;2;251,37;102
RES014172;2024/09/13;At the hotel;280;2024/09/18;2;168,66;109
RES014173;2024/09/30;Velora.com;409;2024/10/02;2;120,53;101
RES014174;2024/09/30;GDS;496;2024/10/08;2;183,16;110
RES014175;2024/08/29;At the hotel;415;2024/09/22;1;66,67;105
RES014176;2024/09/29;At the hotel;79;2024/11/02;1;126,61;103
RES014177;2024/09/15;GDS;330;2024/09/21;2;121,06;107
RES014178;2024/09/11;At the hotel;231;2024/09/11;1;34,2;106
RES014179;2024/09/16;Phone;331;2024/10/06;2;128,45;107
RES014180;2024/09/20;GDS;185;2024/10/14;2;152,14;103
RES014181;2024/09/04;GDS;51;2024/09/08;2;162,43;105
RES014182;2024/10/06;At the hotel;470;2024/10/12;1;56,67;105
RES014183;2024/10/13;Velora.com;278;2024/10/30;5;295,12;107
RES014184;2024/10/15;Velora.com;496;2024/10/18;1;46,06;103
RES014185;2024/09/30;App;44;2024/10/02;2;146,56;110
RES014186;2024/09/11;GDS;480;2024/10/25;1;153,6;102
RES014187;2024/07/30;Velora.com;180;2024/10/03;5;178,56;103
RES014188;2024/09/17;GDS;284;2024/10/27;1;163,84;107
RES014189;2024/09/30;Connected Wholesaler;461;2024/09/30;1;140,05;107
RES014190;2024/10/19;At the hotel;293;2024/10/20;1;77,37;108
RES014191;2024/09/08;Velora.com;158;2024/10/14;2;163,6;105
RES014192;2024/09/01;Velora.com;348;2024/09/19;1;135,78;103
RES014193;2024/09/25;GDS;273;2024/09/27;2;137,46;105
RES014194;2024/10/02;At the hotel;213;2024/10/02;2;213,43;102
RES014195;2024/09/04;At the hotel;95;2024/09/06;2;149,4;102
RES014196;2024/09/09;App;82;2024/09/15;1;128,91;110
RES014197;2024/10/21;At the hotel;473;2024/10/22;1;132,53;110
RES014198;2024/08/08;GDS;256;2024/10/18;1;203,66;106
RES014199;2024/09/10;At the hotel;376;2024/09/12;1;147,58;106
RES014200;2024/09/25;At the hotel;477;2024/09/26;2;120,32;105
RES014201;2024/10/10;Phone;103;2024/10/30;2;192,51;110
RES014202;2024/10/13;Velora.com;200;2024/10/19;2;107,62;109
RES014203;2024/09/19;Phone;202;2024/10/03;3;240,47;107
RES014204;2024/10/04;At the hotel;34;2024/10/04;1;135,05;109
RES014205;2024/09/02;At the hotel;269;2024/10/03;1;183,72;105
RES014206;2024/09/26;Velora.com;457;2024/09/29;3;156,92;110
RES014207;2024/09/04;GDS;155;2024/09/07;2;186,3;105
RES014208;2024/09/10;Velora.com;15;2024/10/01;1;253,49;110
RES014209;2024/09/24;GDS;187;2024/09/30;2;117,74;103
RES014210;2024/10/07;At the hotel;86;2024/10/22;1;162,78;102
RES014211;2024/10/19;At the hotel;82;2024/10/23;2;213,73;101
RES014212;2024/09/13;App;10;2024/10/01;1;128,91;104
RES014213;2024/07/28;Velora.com;250;2024/09/10;1;148,49;106
RES014214;2024/10/14;Velora.com;457;2024/10/14;1;149,84;110
RES014215;2024/10/08;App;382;2024/10/16;1;204,39;108
RES014216;2024/09/08;App;336;2024/09/12;2;142,15;106
RES014217;2024/09/03;Velora.com;99;2024/09/28;1;143,07;107
RES014218;2024/09/08;GDS;377;2024/10/08;2;150,59;109
RES014219;2024/10/03;Velora.com;76;2024/10/04;2;249,15;107
RES014220;2024/09/27;At the hotel;203;2024/10/06;1;144,58;104
RES014221;2024/09/28;GDS;445;2024/09/29;2;82,6;108
RES014222;2024/09/14;At the hotel;324;2024/09/15;1;128,74;104
RES014223;2024/09/17;Velora.com;109;2024/09/25;2;177,84;102
RES014224;2024/10/10;At the hotel;272;2024/10/11;3;187,81;109
RES014225;2024/09/05;Phone;352;2024/09/18;1;212,68;110
RES014226;2024/09/19;GDS;309;2024/09/24;1;112,65;109
RES014227;2024/09/04;At the hotel;294;2024/10/04;1;142,5;101
RES014228;2024/09/16;At the hotel;400;2024/09/20;1;132,53;109
RES014229;2024/03/03;At the hotel;180;2024/10/02;2;101,98;105
RES014230;2024/09/10;Phone;452;2024/10/09;3;205,75;104
RES014231;2024/10/05;App;349;2024/10/08;2;246,66;103
RES014232;2024/09/08;At the hotel;216;2024/10/12;1;244,26;103
RES014233;2024/09/28;GDS;28;2024/10/08;2;138,54;104
RES014234;2024/09/05;At the hotel;60;2024/09/19;5;232,35;103
RES014235;2024/10/18;GDS;441;2024/10/19;2;208;105
RES014236;2024/09/04;GDS;312;2024/09/12;1;125,3;110
RES014237;2024/08/28;Phone;174;2024/09/15;1;169,52;110
RES014238;2024/10/10;GDS;416;2024/10/29;1;159,69;104
RES014239;2024/10/03;Connected Wholesaler;237;2024/10/08;1;108,03;102
RES014240;2024/10/19;GDS;177;2024/10/29;1;106,06;104
RES014241;2024/09/23;GDS;417;2024/10/03;2;121,68;105
RES014242;2024/09/15;Velora.com;171;2024/09/16;1;213,4;106
RES014243;2024/09/04;At the hotel;257;2024/09/07;2;222,59;107
RES014244;2024/09/05;App;153;2024/09/28;1;167,02;109
RES014245;2024/09/11;App;50;2024/09/14;1;114,46;106
RES014246;2024/09/16;App;235;2024/09/20;2;158,77;101
RES014247;2024/09/13;Connected Wholesaler;247;2024/09/18;1;131,82;108
RES014248;2024/07/19;At the hotel;388;2024/09/02;1;151,51;102
RES014249;2024/10/24;Phone;153;2024/10/25;1;140,24;110
RES014250;2024/08/17;At the hotel;68;2024/09/11;1;118,07;106
RES014251;2024/10/22;GDS;305;2024/10/30;3;117,77;110
RES014252;2024/08/17;Connected Wholesaler;53;2024/09/25;2;210,09;103
RES014253;2024/08/17;GDS;453;2024/09/08;1;144,7;108
RES014254;2024/09/01;GDS;270;2024/09/05;2;145,59;107
RES014255;2024/09/15;Velora.com;160;2024/10/07;1;262,92;110
RES014256;2024/08/31;At the hotel;254;2024/09/01;3;193,94;107
RES014257;2024/10/04;Phone;232;2024/10/24;1;147,47;105
RES014258;2024/09/18;GDS;479;2024/09/25;3;121,21;104
RES014259;2024/10/21;Velora.com;188;2024/10/26;1;163,1;108
RES014260;2024/09/29;App;87;2024/10/03;4;120,48;105
RES014261;2024/09/28;App;6;2024/09/28;1;138,37;103
RES014262;2024/09/23;GDS;425;2024/10/17;2;262,58;108
RES014263;2024/09/13;GDS;174;2024/10/24;2;133,33;109
RES014264;2024/05/16;Phone;455;2024/10/09;1;141,61;106
RES014265;2024/09/28;GDS;434;2024/10/03;1;122,13;104
RES014266;2024/08/30;Phone;396;2024/10/28;1;154,8;104
RES014267;2024/10/20;At the hotel;281;2024/10/21;2;77,37;101
RES014268;2024/09/28;Phone;174;2024/11/03;1;195,15;107
RES014269;2024/10/01;App;433;2024/10/29;1;227,78;106
RES014270;2024/05/02;At the hotel;425;2024/09/30;2;140,6;104
RES014271;2024/09/03;Velora.com;499;2024/10/06;1;165,62;110
RES014272;2024/08/27;At the hotel;100;2024/09/06;3;197,75;110
RES014273;2024/05/14;GDS;106;2024/10/07;1;360,96;101
RES014274;2024/09/17;GDS;415;2024/10/16;2;174,46;103
RES014275;2024/08/07;Connected Wholesaler;231;2024/09/04;2;208,36;109
RES014276;2024/09/20;Velora.com;177;2024/09/20;2;125,73;108
RES014277;2024/07/31;Phone;257;2024/09/22;4;147,88;102
RES014278;2024/10/04;Velora.com;48;2024/10/10;3;154,21;102
RES014279;2024/09/24;At the hotel;144;2024/09/24;4;169,47;101
RES014280;2024/10/18;Phone;31;2024/10/22;1;201,97;106
RES014281;2024/09/12;App;43;2024/09/13;1;107,8;101
RES014282;2024/10/18;Connected Wholesaler;412;2024/10/21;1;129,88;109
RES014283;2024/10/16;App;393;2024/10/18;2;110,84;110
RES014284;2024/09/11;At the hotel;301;2024/09/13;2;150,6;110
RES014285;2024/10/22;At the hotel;374;2024/10/25;1;77,37;106
RES014286;2024/09/15;At the hotel;468;2024/09/19;2;0;105
RES014287;2024/10/21;App;144;2024/10/22;2;121,14;108
RES014288;2024/08/16;Velora.com;154;2024/10/03;2;33,74;108
RES014289;2024/05/02;At the hotel;430;2024/10/01;2;98,79;109
RES014290;2024/08/13;At the hotel;127;2024/09/02;1;0;103
RES014291;2024/08/17;GDS;437;2024/10/21;5;162,78;101
RES014292;2024/10/22;Connected Wholesaler;452;2024/10/23;1;136,43;107
RES014293;2024/08/05;Velora.com;120;2024/10/10;1;157,57;101
RES014294;2024/09/05;Velora.com;463;2024/10/30;2;167,24;102
RES014295;2024/07/04;GDS;119;2024/09/13;1;203,66;104
RES014297;2024/09/10;Velora.com;313;2024/09/16;1;123,97;108
RES014298;2024/09/05;Velora.com;82;2024/09/06;5;188,46;104
RES014299;2024/10/13;App;370;2024/10/14;1;150,6;102
RES014300;2024/10/05;At the hotel;459;2024/11/05;2;66,67;102
RES014301;2024/09/05;At the hotel;69;2024/09/07;1;236,93;109
RES014302;2024/09/24;App;5;2024/10/04;1;192,37;103
RES014303;2024/10/14;GDS;315;2024/10/16;1;138,55;102
RES014304;2024/09/22;Velora.com;331;2024/09/28;3;103,34;103
RES014305;2024/09/09;GDS;320;2024/09/20;1;140,96;110
RES014306;2024/10/25;Connected Wholesaler;21;2024/10/26;1;103,53;108
RES014307;2024/09/21;At the hotel;460;2024/10/02;2;168,32;103
RES014308;2024/08/07;Phone;468;2024/10/02;1;213,33;108
RES014309;2024/09/09;Connected Wholesaler;121;2024/09/16;1;145,6;107
RES014310;2024/10/03;Velora.com;480;2024/10/09;2;135,78;110
RES014311;2024/10/15;Velora.com;422;2024/10/25;2;78,79;101
RES014313;2024/09/14;Velora.com;162;2024/09/22;2;136,59;110
RES014314;2024/09/12;At the hotel;355;2024/09/15;1;33,73;109
RES014315;2024/08/20;Velora.com;154;2024/09/07;2;157,83;107
RES014316;2024/09/15;GDS;56;2024/10/25;3;135,42;103
RES014317;2024/09/20;GDS;252;2024/09/22;4;102,4;109
RES014318;2024/10/17;Phone;148;2024/10/21;1;134,54;109
RES014319;2024/08/22;GDS;280;2024/09/01;3;163,63;110
RES014320;2024/08/29;GDS;43;2024/10/10;1;240,96;105
RES014321;2024/10/16;At the hotel;333;2024/10/17;1;132,53;109
RES014322;2024/10/14;Connected Wholesaler;14;2024/10/15;2;195,94;107
RES014323;2024/09/25;App;361;2024/09/28;2;126,61;102
RES014324;2024/08/27;GDS;330;2024/09/26;1;201,97;101
RES014325;2024/08/24;Velora.com;79;2024/09/12;4;171,2;102
RES014326;2024/09/27;At the hotel;224;2024/10/24;1;218,01;110
RES014327;2024/10/11;Velora.com;147;2024/11/21;1;153,6;104
RES014328;2024/09/27;Velora.com;379;2024/09/28;2;90,91;106
RES014329;2024/09/06;Velora.com;138;2024/09/09;1;167,08;105
RES014330;2024/09/13;GDS;339;2024/09/21;3;108,43;104
RES014331;2024/08/22;Velora.com;432;2024/09/09;4;76,99;102
RES014332;2024/04/30;Phone;54;2024/09/06;2;0;110
RES014333;2024/10/08;Connected Wholesaler;446;2024/10/14;2;91,6;106
RES014334;2024/10/02;GDS;365;2024/10/08;3;126,75;107
RES014335;2024/07/31;Velora.com;251;2024/09/05;1;384,74;108
RES014336;2024/09/13;App;271;2024/10/12;3;162,31;109
RES014337;2024/10/24;App;141;2024/10/26;1;153,34;101
RES014338;2024/07/27;Velora.com;358;2024/09/21;2;211,46;104
RES014339;2024/08/20;Velora.com;327;2024/09/20;3;137,46;110
RES014340;2024/09/28;Velora.com;237;2024/10/02;2;138,05;102
RES014341;2024/10/10;At the hotel;378;2024/10/12;2;163,63;106
RES014342;2024/09/06;At the hotel;97;2024/09/09;3;200;101
RES014343;2024/08/13;Connected Wholesaler;463;2024/09/30;1;150,29;107
RES014344;2024/10/15;Connected Wholesaler;324;2024/10/17;2;137,76;109
RES014345;2024/07/20;GDS;476;2024/09/19;3;354,94;104
RES014346;2024/09/02;GDS;269;2024/09/30;2;149,39;109
RES014347;2024/09/15;App;249;2024/09/24;4;130,64;103
RES014348;2024/10/02;GDS;310;2024/10/23;1;154,67;109
RES014349;2024/08/15;GDS;263;2024/09/08;2;189,5;110
RES014350;2024/09/23;App;211;2024/10/26;2;195,52;107
RES014351;2024/09/17;Phone;440;2024/10/27;2;174,84;105
RES014352;2024/10/27;Phone;86;2024/10/29;1;181,16;105
RES014353;2024/07/29;Phone;397;2024/09/22;1;150,73;103
RES014354;2024/09/17;At the hotel;68;2024/09/18;4;138,18;103
RES014355;2024/09/28;Phone;358;2024/10/03;2;164,85;105
RES014356;2024/09/10;App;232;2024/10/30;2;185,66;104
RES014357;2024/08/23;Phone;294;2024/09/04;3;128,84;103
RES014358;2024/09/05;At the hotel;202;2024/09/06;1;81,39;101
RES014359;2024/10/17;Velora.com;69;2024/10/21;1;126,75;106
RES014360;2024/07/12;GDS;480;2024/09/25;2;199,7;101
RES014361;2024/10/08;Phone;108;2024/10/13;1;152,52;106
RES014362;2024/10/06;Velora.com;465;2024/11/29;3;156,75;102
RES014363;2024/06/14;GDS;358;2024/09/13;2;133,33;110
RES014364;2024/09/06;Velora.com;334;2024/10/01;1;229,7;108
RES014365;2024/09/05;Velora.com;35;2024/09/13;1;168,67;103
RES014366;2024/09/06;At the hotel;55;2024/09/19;2;134,18;103
RES014367;2024/09/18;Velora.com;223;2024/10/31;1;182,75;110
RES014368;2024/09/15;App;465;2024/10/19;1;266,66;105
RES014369;2024/09/22;Velora.com;277;2024/09/28;1;185,52;101
RES014370;2024/09/10;Velora.com;342;2024/09/16;5;172,24;109
RES014371;2024/09/18;Phone;361;2024/09/26;2;117,74;101
RES014372;2024/09/05;At the hotel;200;2024/09/06;2;188,54;104
RES014373;2024/08/29;GDS;187;2024/09/06;1;158,88;104
RES014374;2024/09/24;At the hotel;345;2024/10/01;2;151,79;107
RES014375;2024/09/16;App;121;2024/09/28;2;158,77;105
RES014376;2024/09/25;At the hotel;343;2024/09/27;3;134,56;107
RES014377;2024/10/08;App;363;2024/10/14;2;114,46;110
RES014378;2024/09/19;App;30;2024/09/19;2;139,39;102
RES014379;2024/11/02;Connected Wholesaler;341;2024/11/03;4;121,29;101
RES014380;2024/08/08;App;344;2024/09/26;5;172,11;102
RES014381;2024/09/20;Velora.com;335;2024/10/30;1;156,42;102
RES014382;2024/09/28;At the hotel;121;2024/09/30;1;144,28;103
RES014383;2024/08/13;Velora.com;165;2024/10/05;2;127,05;107
RES014384;2024/10/15;GDS;343;2024/10/16;1;138,55;104
RES014385;2024/10/12;App;96;2024/10/15;1;136,86;108
RES014386;2024/09/28;Connected Wholesaler;33;2024/10/24;1;135,13;105
RES014387;2024/10/05;Velora.com;394;2024/10/15;2;182,99;107
RES014388;2024/10/21;GDS;443;2024/10/27;1;112,04;103
RES014389;2024/09/09;App;55;2024/10/18;2;206,55;108
RES014390;2024/09/20;At the hotel;425;2024/09/21;1;162,78;110
RES014391;2024/10/13;Velora.com;57;2024/10/17;1;108,81;106
RES014392;2024/10/05;At the hotel;3;2024/10/12;2;70,91;105
RES014393;2024/06/01;At the hotel;229;2024/09/09;2;217,62;103
RES014394;2024/08/09;GDS;434;2024/09/15;3;117,77;102
RES014395;2024/10/13;At the hotel;163;2024/10/16;1;207,62;102
RES014396;2024/10/25;Connected Wholesaler;369;2024/10/27;2;101,82;107
RES014397;2024/09/10;Connected Wholesaler;38;2024/09/14;2;242,73;105
RES014398;2024/09/25;GDS;365;2024/09/26;1;82,6;109
RES014399;2024/08/29;GDS;7;2024/09/19;1;168,66;108
RES014400;2024/09/05;Connected Wholesaler;185;2024/09/06;2;101,2;102
RES014401;2024/08/07;Velora.com;205;2024/10/18;1;144,59;106
RES014402;2024/08/30;App;401;2024/09/04;1;178,94;102
RES014403;2024/10/07;GDS;272;2024/10/10;2;129,52;106
RES014404;2024/10/02;GDS;478;2024/10/03;3;120,48;105
RES014405;2024/10/06;At the hotel;349;2024/10/07;2;134,93;110
RES014406;2024/09/04;Velora.com;30;2024/11/02;3;139,03;107
RES014407;2024/09/24;Connected Wholesaler;335;2024/09/30;4;85,14;105
RES014408;2024/08/19;App;410;2024/10/01;1;198,38;108
RES014409;2024/09/13;Velora.com;332;2024/09/22;1;118,17;104
RES014410;2024/10/26;Velora.com;133;2024/10/29;4;214,58;107
RES014411;2024/08/31;GDS;49;2024/09/04;1;235,58;108
RES014412;2024/07/05;Velora.com;260;2024/09/17;2;182,86;102
RES014413;2024/08/31;Phone;77;2024/10/12;1;157,96;110
RES014414;2024/10/20;Phone;229;2024/10/30;4;208,88;101
RES014415;2024/07/09;At the hotel;74;2024/09/10;1;133,84;108
RES014416;2024/09/10;Phone;460;2024/10/03;5;171,08;106
RES014417;2024/06/14;App;393;2024/10/04;3;317,45;107
RES014418;2024/06/17;Velora.com;40;2024/09/16;1;192,77;106
RES014419;2024/10/09;Velora.com;146;2024/10/14;4;159,38;102
RES014420;2024/10/23;GDS;273;2024/10/31;1;113,33;109
RES014421;2024/07/15;At the hotel;144;2024/10/29;1;0;107
RES014422;2024/10/07;GDS;376;2024/10/27;1;173,54;104
RES014423;2024/06/17;GDS;22;2024/10/02;1;114,45;102
RES014424;2024/10/08;Velora.com;442;2024/10/24;2;148,48;105
RES014425;2024/09/25;Velora.com;463;2024/10/27;2;33,99;106
RES014426;2024/08/28;Velora.com;64;2024/09/22;2;131,58;101
RES014427;2024/10/11;Connected Wholesaler;366;2024/10/17;2;155,55;106
RES014428;2024/10/15;Velora.com;273;2024/10/30;2;144,7;103
RES014429;2024/09/27;App;212;2024/09/28;2;112,2;110
RES014430;2024/09/19;Phone;372;2024/10/12;1;170,62;103
RES014431;2024/07/22;GDS;339;2024/10/01;2;205,75;104
RES014432;2024/09/04;At the hotel;380;2024/09/05;3;195,78;103
RES014433;2024/10/11;Velora.com;82;2024/10/13;1;102,49;107
RES014434;2024/10/20;App;105;2024/10/20;2;134,47;105
RES014435;2024/09/06;Velora.com;228;2024/10/15;1;230,43;109
RES014436;2024/10/07;At the hotel;415;2024/10/10;1;106,66;108
RES014437;2024/08/06;Velora.com;416;2024/10/12;1;124,7;110
RES014438;2024/09/19;GDS;189;2024/09/24;4;198,38;103
RES014439;2024/09/20;Velora.com;168;2024/09/23;1;164,6;107
RES014440;2024/08/11;Velora.com;211;2024/10/15;1;171,19;101
RES014441;2024/10/07;At the hotel;70;2024/10/20;4;33,76;105
RES014442;2024/09/04;Connected Wholesaler;193;2024/10/06;3;123,63;104
RES014443;2024/10/11;GDS;303;2024/10/13;2;105,72;102
RES014444;2024/10/06;Connected Wholesaler;391;2024/10/12;2;104,96;106
RES014445;2024/09/29;Phone;286;2024/10/25;2;0;103
RES014446;2024/10/04;App;176;2024/10/06;1;132,53;102
RES014447;2024/08/21;Phone;184;2024/09/10;2;244,26;104
RES014448;2024/09/30;App;126;2024/10/03;2;105,34;102
RES014449;2024/08/16;GDS;498;2024/09/08;3;144,7;102
RES014450;2024/09/30;App;64;2024/10/31;2;175,28;108
RES014451;2024/09/09;At the hotel;52;2024/09/11;2;78;105
RES014452;2024/10/25;GDS;369;2024/10/30;3;146,9;101
RES014453;2024/10/04;At the hotel;200;2024/10/05;2;128,91;107
RES014454;2024/09/04;Velora.com;369;2024/09/21;1;226,25;101
RES014455;2024/09/16;Phone;116;2024/09/19;2;128,74;110
RES014456;2024/09/15;Velora.com;186;2024/09/19;1;155,59;108
RES014457;2024/08/28;Velora.com;318;2024/10/05;3;133,33;101
RES014458;2024/09/10;GDS;152;2024/09/16;3;126,5;104
RES014459;2024/10/04;GDS;476;2024/10/06;1;100,97;106
RES014460;2024/09/12;GDS;166;2024/09/27;2;134,4;106
RES014461;2024/05/02;Velora.com;179;2024/09/06;1;183,2;102
RES014462;2024/08/14;GDS;195;2024/10/16;1;318,76;109
RES014463;2023/11/25;At the hotel;483;2024/10/09;2;87,2;108
RES014464;2024/09/30;At the hotel;131;2024/10/04;1;181,82;108
RES014465;2024/08/16;At the hotel;338;2024/09/24;2;0;101
RES014466;2024/10/04;Velora.com;5;2024/10/09;1;272,19;110
RES014467;2024/09/07;GDS;167;2024/09/09;1;122,88;106
RES014468;2024/08/26;Phone;427;2024/09/07;2;176,45;103
RES014469;2024/10/29;Velora.com;419;2024/10/29;1;125,45;105
RES014470;2024/09/05;Velora.com;243;2024/09/06;1;129,19;108
RES014471;2024/10/05;At the hotel;490;2024/10/08;4;210,56;110
RES014472;2024/09/13;App;436;2024/09/14;1;149,52;107
RES014473;2024/08/29;Velora.com;340;2024/09/19;1;108,29;107
RES014474;2024/09/06;GDS;383;2024/09/20;2;96,46;107
RES014475;2024/09/04;At the hotel;407;2024/09/06;1;149,4;104
RES014476;2024/08/02;GDS;177;2024/09/10;1;82,6;104
RES014477;2024/10/15;Connected Wholesaler;266;2024/10/15;1;178,61;109
RES014478;2024/10/04;GDS;140;2024/10/30;1;190,11;105
RES014479;2024/10/19;GDS;445;2024/10/19;1;138,67;109
RES014480;2024/08/12;GDS;353;2024/09/16;1;179,07;110
RES014481;2024/08/07;GDS;93;2024/11/23;2;204,82;106
RES014482;2024/09/19;GDS;444;2024/09/20;4;156,62;105
RES014483;2024/08/13;GDS;24;2024/10/24;1;162,63;106
RES014484;2024/08/21;GDS;483;2024/09/22;3;165,92;106
RES014485;2024/10/02;Phone;42;2024/10/28;3;152,72;106
RES014486;2024/07/19;At the hotel;434;2024/09/17;2;105,42;109
RES014487;2024/08/24;Velora.com;436;2024/09/19;2;174,65;104
RES014488;2024/09/26;Phone;187;2024/10/03;2;122,89;101
RES014489;2024/09/24;GDS;161;2024/09/26;3;129,52;102
RES014490;2024/09/30;GDS;398;2024/09/30;2;139,09;107
RES014491;2024/09/09;At the hotel;120;2024/09/14;1;132,64;105
RES014492;2024/08/15;Velora.com;380;2024/09/23;4;150,6;107
RES014493;2024/10/11;At the hotel;226;2024/11/26;2;118,17;102
RES014494;2024/10/02;At the hotel;234;2024/10/04;1;188,54;105
RES014495;2024/09/20;At the hotel;400;2024/09/25;5;232,05;106
RES014496;2024/09/10;App;318;2024/09/12;2;135,32;106
RES014497;2024/09/11;Phone;160;2024/09/18;1;333;108
RES014498;2024/10/09;GDS;260;2024/10/25;1;180,48;102
RES014499;2024/06/21;GDS;165;2024/10/03;1;189,98;108
RES014500;2024/10/05;Connected Wholesaler;35;2024/10/05;3;95,78;108
RES014501;2024/10/21;GDS;125;2024/10/23;1;134,94;109
RES014502;2024/09/06;At the hotel;108;2024/09/06;1;149,72;109
RES014503;2024/09/22;App;497;2024/10/17;2;147,5;108
RES014504;2024/09/06;App;190;2024/09/07;2;130,62;102
RES014505;2024/09/17;App;219;2024/09/18;2;136,79;101
RES014506;2024/07/17;Velora.com;4;2024/09/28;1;90,43;103
RES014507;2024/08/15;GDS;148;2024/09/06;2;140,96;109
RES014508;2024/09/24;App;50;2024/09/27;1;121,14;106
RES014509;2024/08/07;GDS;261;2024/09/14;2;135,05;109
RES014510;2024/08/15;At the hotel;99;2024/09/16;1;151,8;103
RES014511;2024/10/20;GDS;1;2024/10/21;1;101,2;110
RES014512;2024/09/27;Velora.com;429;2024/10/30;2;204,54;109
RES014513;2024/09/07;GDS;219;2024/09/08;3;120,48;109
RES014514;2024/10/19;GDS;49;2024/10/22;2;112,05;104
RES014515;2024/09/15;GDS;168;2024/10/30;1;212,03;101
RES014516;2024/08/21;At the hotel;172;2024/09/21;1;182,56;102
RES014517;2024/10/11;At the hotel;478;2024/10/25;2;139,39;108
RES014518;2024/09/25;GDS;159;2024/10/30;1;128;109
RES014519;2024/10/17;GDS;398;2024/10/24;3;132,53;103
RES014520;2024/09/04;At the hotel;372;2024/09/06;2;156,61;110
RES014521;2024/10/20;App;38;2024/10/26;1;145,07;109
RES014522;2024/09/23;GDS;478;2024/09/23;2;107,53;104
RES014523;2024/10/16;Connected Wholesaler;436;2024/10/23;1;134,81;107
RES014524;2024/09/27;GDS;392;2024/10/02;3;144,24;102
RES014525;2024/09/03;Velora.com;472;2024/09/13;2;128,54;101
RES014526;2024/10/15;Velora.com;38;2024/10/24;2;114,43;108
RES014527;2024/09/07;At the hotel;320;2024/09/09;2;162,65;102
RES014528;2024/09/10;Velora.com;297;2024/10/29;1;353,62;102
RES014529;2024/09/23;At the hotel;28;2024/09/26;2;193,94;106
RES014530;2024/09/08;Velora.com;160;2024/09/11;1;163,72;103
RES014531;2024/09/09;At the hotel;140;2024/09/14;1;160,37;104
RES014532;2024/10/10;App;411;2024/10/26;1;138,31;106
RES014533;2024/10/05;At the hotel;269;2024/10/05;1;104,87;104
RES014534;2024/10/19;App;185;2024/11/19;1;126,5;103
RES014535;2024/09/25;Connected Wholesaler;424;2024/10/30;1;110,24;103
RES014536;2024/09/03;GDS;366;2024/09/07;2;159,91;104
RES014537;2024/09/14;App;51;2024/09/25;3;180,18;109
RES014538;2024/09/26;Velora.com;271;2024/09/27;1;276,36;105
RES014539;2023/11/24;At the hotel;499;2024/09/07;4;87,2;108
RES014540;2024/09/15;Velora.com;234;2024/10/07;1;33,78;105
RES014541;2024/09/10;GDS;211;2024/09/30;2;123,63;108
RES014542;2024/09/16;Connected Wholesaler;423;2024/10/15;2;117,22;107
RES014543;2024/06/08;Velora.com;488;2024/09/22;2;218,97;103
RES014544;2024/09/16;App;52;2024/10/16;1;135,53;109
RES014545;2024/10/20;Velora.com;103;2024/10/21;3;35,81;108
RES014546;2024/09/14;At the hotel;156;2024/09/20;2;70,48;108
RES014547;2024/09/10;At the hotel;191;2024/10/04;2;144,28;108
RES014548;2024/08/07;GDS;133;2024/09/24;2;128,74;103
RES014549;2024/09/03;App;132;2024/09/24;1;192,83;109
RES014550;2024/09/07;GDS;375;2024/09/09;1;154,42;107
RES014551;2024/10/04;Velora.com;440;2024/10/08;1;135,77;101
RES014552;2024/09/08;Velora.com;44;2024/09/27;2;222,89;104
RES014553;2024/08/02;GDS;303;2024/10/04;3;132,77;109
RES014554;2024/08/28;Velora.com;166;2024/10/10;1;180,35;104
RES014555;2024/09/17;Phone;157;2024/09/19;2;194,82;101
RES014556;2024/10/10;At the hotel;36;2024/10/11;3;173,26;107
RES014557;2024/09/12;App;445;2024/09/21;4;156,3;103
RES014558;2024/09/25;At the hotel;339;2024/10/02;2;72,35;103
RES014559;2024/09/13;At the hotel;57;2024/10/22;4;0;106
RES014560;2024/10/19;Velora.com;436;2024/10/20;1;129,99;110
RES014561;2024/09/25;Velora.com;274;2024/09/26;1;143,95;102
RES014562;2024/07/26;Phone;361;2024/09/08;4;180,12;102
RES014563;2024/10/10;GDS;401;2024/10/11;1;127,27;106
RES014564;2024/08/17;At the hotel;21;2024/10/16;1;105,42;109
RES014565;2024/10/10;At the hotel;219;2024/11/15;2;281,55;101
RES014566;2024/08/28;GDS;389;2024/09/10;1;129,52;103
RES014567;2024/10/30;Connected Wholesaler;55;2024/11/01;2;92,17;107
RES014568;2024/10/06;Phone;496;2024/10/06;3;144,07;104
RES014569;2024/10/02;Velora.com;365;2024/11/04;2;189,3;106
RES014570;2024/10/21;At the hotel;33;2024/10/25;1;33,66;110
RES014571;2024/09/24;At the hotel;210;2024/10/01;2;181,82;106
RES014572;2024/08/29;Velora.com;52;2024/09/10;2;234,45;103
RES014573;2024/09/09;Phone;56;2024/09/11;2;122,89;106
RES014574;2024/09/05;GDS;230;2024/09/14;1;190,54;110
RES014575;2024/08/30;Phone;6;2024/09/18;1;172,2;107
RES014577;2024/09/29;GDS;124;2024/10/04;1;132,53;103
RES014578;2024/09/28;App;453;2024/10/06;2;133,74;102
RES014579;2024/08/10;App;56;2024/10/01;3;141,98;105
RES014580;2024/09/19;At the hotel;420;2024/09/21;2;178,07;108
RES014581;2024/08/11;At the hotel;367;2024/09/20;2;151,79;103
RES014582;2024/10/19;Connected Wholesaler;161;2024/10/23;2;165,24;107
RES014583;2024/10/13;GDS;379;2024/11/14;1;128,84;107
RES014584;2024/10/01;App;446;2024/10/01;1;133,33;102
RES014585;2024/10/11;At the hotel;25;2024/10/12;3;210,84;103
RES014586;2024/08/22;GDS;236;2024/09/17;1;194,18;101
RES014587;2024/09/18;Velora.com;383;2024/09/29;1;105,47;105
RES014588;2024/02/02;Velora.com;21;2024/10/03;2;34,25;102
RES014589;2024/09/29;Connected Wholesaler;480;2024/10/29;3;115,44;108
RES014590;2024/10/28;App;60;2024/10/30;1;126,5;110
RES014591;2024/09/13;GDS;348;2024/09/30;2;132,52;110
RES014592;2024/10/05;Velora.com;63;2024/10/10;1;118,07;105
RES014593;2024/10/29;App;142;2024/11/01;1;108,43;107
RES014594;2024/05/11;App;93;2024/10/23;1;307,45;103
RES014595;2024/10/21;At the hotel;439;2024/10/26;1;0;108
RES014596;2024/10/18;App;163;2024/10/23;3;140,96;103
RES014597;2024/09/11;At the hotel;55;2024/09/14;1;181,82;101
RES014598;2024/10/23;GDS;341;2024/10/30;2;169,69;102
RES014599;2024/09/30;Velora.com;281;2024/10/18;2;108,73;102
RES014600;2024/06/16;At the hotel;26;2024/11/01;1;112,05;102
RES014601;2024/09/11;Connected Wholesaler;319;2024/09/12;5;91,6;107
RES014602;2024/10/21;At the hotel;135;2024/10/23;2;166,26;109
RES014603;2024/09/06;Velora.com;236;2024/09/09;1;182,63;103
RES014604;2024/09/04;Phone;199;2024/09/19;1;165,36;101
RES014605;2024/09/26;App;474;2024/09/29;3;113,25;108
RES014606;2024/09/04;GDS;289;2024/10/14;3;177,94;102
RES014607;2024/10/01;Velora.com;323;2024/10/17;2;200,89;101
RES014608;2024/09/23;App;187;2024/09/23;1;162,65;103
RES014609;2024/09/05;At the hotel;236;2024/09/05;2;90,43;101
RES014610;2024/09/12;Velora.com;441;2024/09/21;1;145,03;104
RES014611;2024/09/21;GDS;371;2024/10/21;1;161,71;108
RES014612;2024/07/18;GDS;156;2024/09/10;1;144,24;102
RES014613;2024/09/16;App;49;2024/09/19;2;140,99;107
RES014614;2024/09/09;App;380;2024/09/12;2;110,31;109
RES014615;2024/09/24;GDS;143;2024/09/30;1;180,48;104
RES014616;2024/09/27;GDS;55;2024/10/07;2;169,69;104
RES014617;2024/09/18;GDS;457;2024/10/10;2;159,03;110
RES014618;2024/10/14;GDS;364;2024/11/14;2;122,89;105
RES014619;2024/10/15;GDS;476;2024/10/19;1;97,88;108
RES014620;2024/10/09;At the hotel;143;2024/10/11;2;137,34;104
RES014621;2024/09/04;GDS;322;2024/09/27;1;112,65;109
RES014622;2024/09/24;GDS;116;2024/10/03;2;204,21;101
RES014623;2024/04/25;At the hotel;205;2024/09/10;1;112,05;106
RES014624;2024/09/17;GDS;177;2024/09/24;2;136,96;109
RES014625;2023/12/10;Velora.com;76;2024/10/18;2;87,35;104
RES014626;2024/10/16;At the hotel;258;2024/11/16;1;0;108
RES014627;2024/10/22;GDS;352;2024/10/27;3;112,74;106
RES014628;2024/10/08;At the hotel;408;2024/10/12;2;333,33;102
RES014629;2024/10/28;At the hotel;394;2024/10/28;1;0;101
RES014630;2024/09/06;GDS;465;2024/10/27;2;118,48;106
RES014631;2024/10/16;Phone;48;2024/10/24;1;118,84;106
RES014632;2024/08/14;GDS;306;2024/09/24;2;162,65;106
RES014633;2024/10/03;App;232;2024/10/07;3;138,54;102
RES014634;2024/08/29;App;30;2024/09/07;1;149,57;109
RES014635;2024/09/26;Phone;495;2024/10/14;3;164,64;102
RES014636;2024/09/10;Velora.com;427;2024/09/20;1;172,72;102
RES014637;2024/10/02;GDS;383;2024/10/25;1;149,39;103
RES014638;2024/08/14;Phone;317;2024/09/09;2;122,71;110
RES014639;2024/06/17;GDS;369;2024/09/11;2;82,6;104
RES014640;2024/08/28;At the hotel;128;2024/10/04;2;157,57;102
RES014641;2024/10/03;GDS;50;2024/10/07;2;156,61;109
RES014642;2024/09/07;Phone;51;2024/09/18;2;144,91;102
RES014643;2024/09/07;App;269;2024/09/07;3;144,7;105
RES014644;2024/09/13;Velora.com;463;2024/09/19;3;168,66;108
RES014645;2024/10/17;App;278;2024/10/20;2;122,43;105
RES014646;2024/09/11;Velora.com;495;2024/10/19;3;140,66;109
RES014647;2024/10/12;GDS;495;2024/10/15;2;138,55;106
RES014648;2024/10/15;At the hotel;410;2024/10/17;2;195,41;110
RES014649;2024/09/24;At the hotel;130;2024/09/25;2;145,78;101
RES014650;2024/07/02;Phone;215;2024/10/22;2;141,61;105
RES014651;2024/07/05;Velora.com;440;2024/10/06;1;33,71;104
RES014652;2024/10/02;At the hotel;44;2024/11/02;1;126,61;102
RES014653;2024/09/12;GDS;437;2024/09/17;1;126,5;104
RES014654;2023/11/07;Velora.com;116;2024/10/05;2;120,47;107
RES014655;2024/08/12;App;491;2024/09/19;1;144,58;102
RES014656;2024/09/22;GDS;359;2024/10/19;1;125,52;103
RES014657;2024/10/26;App;284;2024/11/02;2;128,74;109
RES014658;2024/10/10;GDS;375;2024/10/16;1;200;108
RES014659;2024/08/24;App;200;2024/09/14;2;157,57;103
RES014660;2024/09/03;At the hotel;275;2024/09/07;1;33,94;105
RES014661;2024/06/27;App;56;2024/09/07;5;126,49;110
RES014662;2024/09/24;Phone;477;2024/10/04;1;212,79;101
RES014663;2024/09/21;At the hotel;24;2024/09/27;1;180,35;106
RES014664;2024/09/02;Velora.com;201;2024/10/17;2;181,64;107
RES014665;2024/10/21;GDS;452;2024/10/24;1;82,6;103
RES014666;2024/09/04;At the hotel;191;2024/09/22;2;0;104
RES014667;2024/10/02;GDS;100;2024/11/15;1;179,88;106
RES014668;2024/09/14;Phone;255;2024/10/08;2;184,66;109
RES014669;2024/08/29;App;340;2024/09/06;1;126,49;107
RES014670;2024/09/25;GDS;152;2024/10/14;2;156,61;101
RES014671;2024/09/30;At the hotel;456;2024/10/02;2;170,98;108
RES014672;2024/09/10;At the hotel;17;2024/10/16;3;0;106
RES014673;2024/09/25;GDS;319;2024/10/22;2;135,42;103
RES014674;2024/09/07;GDS;131;2024/10/10;3;126,5;104
RES014675;2024/10/02;At the hotel;467;2024/10/04;1;236,93;107
RES014676;2024/07/10;Velora.com;86;2024/09/07;2;171,67;107
RES014677;2024/08/28;GDS;48;2024/09/23;3;173,13;109
RES014678;2024/09/21;Phone;225;2024/09/26;2;127,67;107
RES014679;2024/09/26;GDS;72;2024/10/02;1;145,59;104
RES014680;2024/09/25;At the hotel;498;2024/10/27;1;176,05;107
RES014681;2024/09/06;Velora.com;78;2024/10/01;1;215,44;102
RES014682;2024/10/24;Phone;91;2024/10/28;1;150,59;108
RES014683;2024/09/07;At the hotel;312;2024/10/12;1;62,7;107
RES014684;2024/04/24;At the hotel;90;2024/10/11;3;118,79;104
RES014685;2024/10/08;Velora.com;140;2024/10/13;2;97,29;103
RES014686;2024/10/03;Velora.com;283;2024/11/07;1;87,66;109
RES014687;2024/08/22;Velora.com;193;2024/09/06;1;139,64;106
RES014688;2024/09/29;GDS;91;2024/09/30;1;133,33;105
RES014689;2024/10/05;App;10;2024/10/11;1;182,6;103
RES014690;2024/08/22;GDS;127;2024/09/03;3;192,75;101
RES014691;2024/09/07;App;195;2024/09/12;2;210,56;102
RES014692;2024/09/20;At the hotel;340;2024/09/23;3;169,69;110
RES014693;2024/10/10;Phone;494;2024/10/16;2;248,48;104
RES014694;2024/09/08;GDS;128;2024/09/09;2;122,89;109
RES014695;2024/09/01;At the hotel;376;2024/09/10;1;163,63;107
RES014696;2024/09/05;GDS;341;2024/09/24;2;207,55;108
RES014697;2024/09/02;Velora.com;13;2024/09/04;2;93,8;102
RES014698;2024/09/17;At the hotel;472;2024/09/21;3;132,53;108
RES014699;2024/10/18;At the hotel;246;2024/10/30;1;0;103
RES014700;2024/10/02;Velora.com;299;2024/10/08;2;221,57;110
RES014701;2024/09/14;Velora.com;272;2024/10/04;5;168,03;107
RES014702;2024/09/03;GDS;119;2024/09/28;1;124,94;106
RES014703;2024/10/17;At the hotel;246;2024/10/18;2;218,18;104
RES014704;2024/09/07;At the hotel;489;2024/09/09;3;160;107
RES014705;2024/02/20;Velora.com;123;2024/09/21;2;33,71;104
RES014706;2024/10/14;At the hotel;303;2024/10/26;1;72,16;104
RES014707;2024/10/03;At the hotel;426;2024/10/10;1;207,83;109
RES014708;2024/09/20;GDS;285;2024/10/03;3;160;105
RES014709;2024/10/22;At the hotel;159;2024/10/22;1;199,86;106
RES014710;2024/09/09;GDS;188;2024/09/18;1;259,85;102
RES014711;2024/09/16;GDS;497;2024/09/23;2;180,48;103
RES014712;2024/09/27;GDS;474;2024/10/03;1;160,91;106
RES014713;2024/10/20;Velora.com;348;2024/10/20;4;147,28;102
RES014714;2024/08/14;GDS;1;2024/10/15;1;274,38;105
RES014715;2024/09/26;At the hotel;102;2024/10/01;1;33,73;102
RES014716;2024/09/24;Connected Wholesaler;465;2024/09/24;3;125,66;102
RES014717;2024/09/08;Phone;399;2024/10/04;2;129,7;102
RES014718;2024/08/30;App;52;2024/09/25;1;212,03;104
RES014719;2024/08/27;Velora.com;24;2024/09/13;2;122,42;103
RES014720;2024/08/06;Other;420;2024/09/24;1;175,9;103